Experiment,Name,Hypothesis,RS_Formula,Theme_Formula,Composite,Gate,Total Trades,Win Rate (%),Avg Return (%),Leading Trades,Leading WR (%),Leading Avg (%),Neutral Trades,Neutral WR (%),Neutral Avg (%),Regression Time (s)
1,Phase1 Winner: 90/85 Baseline,Phase 1 winner. All current settings + RS threshold raised to 90.,Current,Current,0.5/0.25/0.15/0.1,90.0/85.0,426,42.02,0.17,344,38.08,-2.13,82,58.54,9.81,134.0
2,90/85 + RS: 12W Dominant,Does 12W dominant RS work better at the tighter 90 gate?,Modified,Current,0.5/0.25/0.15/0.1,90.0/85.0,414,41.3,-0.63,339,39.53,-1.9,75,49.33,5.12,123.1
3,90/85 + RS: YTD Comeback,Does YTD drift help at the 90 gate?,Modified,Current,0.5/0.25/0.15/0.1,90.0/85.0,409,43.28,-0.5,338,39.35,-2.72,71,61.97,10.09,117.4
4,90/85 + RS: Hybrid,Does structural RS (YTD+52W) work at the 90 gate?,Modified,Current,0.5/0.25/0.15/0.1,90.0/85.0,429,41.49,-1.56,350,38.57,-3.7,79,54.43,7.92,116.3
5,90/85 + RS: Weekly Pulse,Does amplified weekly catch faster at 90 gate?,Modified,Current,0.5/0.25/0.15/0.1,90.0/85.0,464,41.38,-0.39,378,38.36,-2.4,86,54.65,8.44,143.3
6,90/85 + Theme: Monthly Dominance,Does monthly ETF weight work better at 90 gate?,Current,Modified,0.5/0.25/0.15/0.1,90.0/85.0,398,42.21,-0.45,253,35.97,-3.34,145,53.1,4.6,104.7
7,90/85 + Theme: Quarterly Anchor,Does quarterly ETF weight work at 90 gate?,Current,Modified,0.5/0.25/0.15/0.1,90.0/85.0,382,39.79,-0.36,240,32.92,-4.3,142,51.41,6.31,110.1
8,90/85 + Theme: 6-Month Anchor,Does 6M institutional flow work at 90 gate?,Current,Modified,0.5/0.25/0.15/0.1,90.0/85.0,271,42.8,-1.01,204,38.24,-3.36,67,56.72,6.12,94.2
9,90/85 + Theme: Balanced All-Period,Does balanced theme scoring work at 90 gate?,Current,Modified,0.5/0.25/0.15/0.1,90.0/85.0,319,40.13,-1.18,220,37.27,-2.71,99,46.46,2.21,90.0
10,90/85 + Composite: Theme Heavy,Does Theme Heavy composite amplify the 90 gate edge?,Current,Current,0.4/0.35/0.15/0.1,90.0/85.0,364,43.13,0.4,327,41.59,-0.55,37,56.76,8.78,91.3
11,90/85 + Composite: Equal Split,Does Equal Split composite balance the 90 gate?,Current,Current,0.4/0.3/0.15/0.15,90.0/85.0,389,42.67,0.19,337,40.06,-1.37,52,59.62,10.3,28985.1
12,90/85 + Composite: RS Heavy,Does pure RS heavy compound with the 90 gate?,Current,Current,0.6/0.2/0.12/0.08,90.0/85.0,465,41.51,-0.23,356,37.92,-2.35,109,53.21,6.68,206.5
13,90/85 + Zacks Steep + Growth Fibonacci,Do both steep curves compound at the 90 gate?,Current,Current,0.5/0.25/0.15/0.1,90.0/85.0,201,45.77,-0.1,193,45.6,-0.29,8,50.0,4.67,144.3
14,90/85 + Zacks Binary,Does binary Zacks work at the 90 gate?,Current,Current,0.5/0.25/0.15/0.1,90.0/85.0,201,48.26,0.93,156,48.08,0.24,45,48.89,3.35,138.5
15,90/85 + Growth Fibonacci Only,Does steep Growth alone improve at the 90 gate?,Current,Current,0.5/0.25/0.15/0.1,90.0/85.0,340,42.35,-0.17,316,40.51,-1.01,24,66.67,10.89,144.1
16,MEGA COMBO A: 90/85 + Theme Heavy + Steep Zacks + Fib Growth,Stack ALL Phase 1 marginal winners on 90/85.,Current,Current,0.4/0.35/0.15/0.1,90.0/85.0,164,46.34,0.26,163,46.01,0.22,1,100.0,6.5,131.2
17,MEGA COMBO B: 90/85 + Equal Split + Steep Zacks + Fib Growth,Equal composite + steep fundamentals on 90/85.,Current,Current,0.4/0.3/0.15/0.15,90.0/85.0,124,45.16,0.57,124,45.16,0.57,0,0.0,0.0,136.3
18,MEGA COMBO C: 90/85 + Theme Heavy + 6M Anchor + Steep Zacks,Theme Heavy composite + slow theme rotation on 90/85.,Current,Modified,0.4/0.35/0.15/0.1,90.0/85.0,106,41.51,-1.85,103,40.78,-2.23,3,66.67,11.08,133.7
19,MEGA COMBO D: 90/85 + 12W RS + Monthly Theme + Theme Heavy,Slower RS + monthly theme + theme heavy composite.,Modified,Modified,0.4/0.35/0.15/0.1,90.0/85.0,296,41.55,-1.27,222,38.29,-2.53,74,51.35,2.51,151.2
20,MEGA COMBO E: 90/85 + Weekly RS + Current Theme + RS Heavy,Fast RS + fast theme + RS heavy composite.,Modified,Current,0.6/0.2/0.12/0.08,90.0/85.0,506,41.5,-0.56,383,37.86,-2.92,123,52.85,6.78,159.8
21,Ultra 90/90 + Theme Heavy + Steep Fundamentals,Does the 90/90 champ get even better with steep curves?,Current,Current,0.4/0.35/0.15/0.1,90.0/90.0,32,50.0,-1.28,32,50.0,-1.28,0,0.0,0.0,129.3
22,Ultra 90/90 + 6M Theme Anchor,Does slow theme rotation help at ultra-tight gate?,Current,Modified,0.5/0.25/0.15/0.1,90.0/90.0,104,39.42,-1.92,104,39.42,-1.92,0,0.0,0.0,128.0
23,Ultra 90/90 + 12W RS + Quarterly Theme,Slow RS + slow theme at ultra-tight gate.,Modified,Modified,0.5/0.25/0.15/0.1,90.0/90.0,168,39.88,-0.85,155,38.06,-1.75,13,61.54,9.89,139.7
24,Ultra 90/90 + Weekly RS + Monthly Theme + Equal Split,Fast RS + monthly theme + balanced composite at ultra-tight.,Modified,Modified,0.4/0.3/0.15/0.15,90.0/90.0,168,38.69,-2.45,164,38.41,-2.39,4,50.0,-4.66,132.1
25,Ultra 90/90 + Zacks Binary + Growth Fibonacci,Maximum fundamental strictness at ultra-tight gate.,Current,Current,0.5/0.25/0.15/0.1,90.0/90.0,76,53.95,1.43,75,53.33,1.22,1,100.0,17.43,125.3
