Date,ETF,Open,High,Low,Close,Volume
2025-07-21,DIA,444.2,446.01,443.14,443.44,2548800
2025-07-21,IWM,223.54,224.41,221.25,221.43,28191400
2025-07-21,QQQ,562.09,566.06,562.06,564.17,39595200
2025-07-21,SPY,628.77,631.54,628.34,628.77,63375000
2025-07-22,DIA,442.86,445.45,442.84,444.96,3091600
2025-07-22,IWM,221.62,223.81,220.66,223.27,30873300
2025-07-22,QQQ,564.3,564.35,558.61,561.25,43270600
2025-07-22,SPY,629.1,629.73,626.19,628.86,60046300
2025-07-23,DIA,447.25,450.25,446.35,450.21,5486500
2025-07-23,IWM,224.82,226.71,224.07,226.68,37478100
2025-07-23,QQQ,562.34,563.85,559.58,563.81,40215300
2025-07-23,SPY,631.55,634.21,629.73,634.21,70511000
2025-07-24,DIA,447.01,449.13,446.75,447.11,5078300
2025-07-24,IWM,225.52,225.85,223.48,223.55,29446700
2025-07-24,QQQ,565.13,566.24,563.29,565.01,42275500
2025-07-24,SPY,634.6,636.15,633.99,634.42,71307100
2025-07-25,DIA,447.53,449.41,446.41,449.02,3710600
2025-07-25,IWM,224.42,224.6,222.54,224.38,24555500
2025-07-25,QQQ,564.93,567.7,564.27,566.37,30630800
2025-07-25,SPY,635.09,637.58,634.84,637.1,56865400
2025-07-28,DIA,448.66,449.48,447.38,448.34,2864200
2025-07-28,IWM,225.32,225.44,223.43,224.12,24934900
2025-07-28,QQQ,567.74,569.04,566.87,568.14,31498700
2025-07-28,SPY,637.48,638.04,635.54,636.94,54917100
2025-07-29,DIA,448.63,448.85,445.65,446.48,3146200
2025-07-29,IWM,225.61,225.69,222.06,222.69,28685900
2025-07-29,QQQ,570.76,572.11,566.53,567.26,45463300
2025-07-29,SPY,638.35,638.67,634.34,635.26,60556300
2025-07-30,DIA,446.71,447.38,442.61,444.76,3765000
2025-07-30,IWM,223.66,224.93,220.12,221.56,48924400
2025-07-30,QQQ,568.18,570.62,565.05,568.02,43433800
2025-07-30,SPY,635.92,637.68,631.54,634.46,80418900
2025-07-31,DIA,445.27,446.2,440.5,441.33,4223300
2025-07-31,IWM,220.46,222.02,218.88,219.39,42913900
2025-07-31,QQQ,574.54,574.63,563.87,565.01,64613600
2025-07-31,SPY,639.46,639.85,630.77,632.08,103385200
2025-08-01,DIA,437.75,437.76,433.4,435.72,5980000
2025-08-01,IWM,216.22,216.56,212.34,214.92,63854100
2025-08-01,QQQ,558.83,559.02,551.68,553.88,69400800
2025-08-01,SPY,626.3,626.34,619.29,621.72,140103600
2025-08-04,DIA,437.88,441.9,437.59,441.81,5065800
2025-08-04,IWM,216.55,219.74,216.08,219.73,34989600
2025-08-04,QQQ,559.05,564.32,558.95,564.1,47669800
2025-08-04,SPY,625.67,631.22,625.58,631.17,73218000
2025-08-05,DIA,441.8,443.0,439.21,441.14,4081600
2025-08-05,DIA,441.91,443.41,440.52,442.39,3506070
2025-08-05,IWM,220.56,221.26,218.24,220.85,31337100
2025-08-05,IWM,221.66,222.86,220.91,222.57,26762200
2025-08-05,QQQ,565.39,566.56,559.73,560.27,48666600
2025-08-05,QQQ,571.02,574.47,569.7,573.44,37783500
2025-08-05,SPY,631.79,632.61,627.04,627.97,68051400
2025-08-05,SPY,632.78,634.54,631.66,633.92,62727400
2025-08-06,DIA,442.11,442.95,440.13,441.97,2975300
2025-08-06,IWM,220.95,220.99,219.38,220.56,23142100
2025-08-06,QQQ,561.11,567.76,560.63,567.32,41823700
2025-08-06,SPY,629.05,633.44,628.13,632.78,64357500
2025-08-07,DIA,444.27,445.01,437.98,439.72,5205100
2025-08-07,IWM,222.76,222.84,218.51,219.84,37088000
2025-08-07,QQQ,571.67,573.32,565.11,569.24,44463000
2025-08-07,SPY,636.24,636.98,629.11,632.25,74205800
2025-08-08,DIA,440.81,442.88,440.31,441.92,3684500
2025-08-08,IWM,221.07,221.57,219.74,220.32,28318100
2025-08-08,QQQ,570.45,574.77,570.15,574.55,35255500
2025-08-08,SPY,634.06,637.65,633.74,637.18,64051600
2025-08-11,DIA,442.33,442.87,439.23,440.01,3538100
2025-08-11,IWM,220.77,221.68,219.81,220.27,25212800
2025-08-11,QQQ,574.69,576.8,571.57,572.85,33112900
2025-08-11,SPY,637.46,638.95,634.66,635.92,58742300
2025-08-12,DIA,441.69,445.15,441.14,444.68,5012600
2025-08-12,IWM,221.85,226.98,221.15,226.81,43815500
2025-08-12,QQQ,575.16,580.35,572.49,580.05,42143300
2025-08-12,SPY,638.29,642.85,636.79,642.69,64730800
2025-08-13,DIA,446.44,449.65,446.05,449.42,6203200
2025-08-13,IWM,228.26,231.46,227.83,231.22,41705800
2025-08-13,QQQ,582.76,583.32,578.94,580.34,41209300
2025-08-13,SPY,644.91,646.19,642.68,644.89,60092800
2025-08-14,DIA,447.74,449.64,446.98,449.16,4553200
2025-08-14,IWM,228.44,228.8,226.17,228.24,55945500
2025-08-14,QQQ,578.28,581.88,577.91,579.89,45425000
2025-08-14,SPY,642.79,645.62,642.34,644.95,59327500
2025-08-15,DIA,451.9,452.05,448.97,449.53,5584400
2025-08-15,IWM,228.64,228.78,226.04,227.13,33571400
2025-08-15,QQQ,579.8,579.84,575.57,577.34,49480200
2025-08-15,SPY,645.99,646.09,642.52,643.44,68592500
2025-08-18,DIA,449.35,449.97,448.63,449.05,3809100
2025-08-18,IWM,227.21,228.46,226.94,227.96,20144100
2025-08-18,QQQ,576.44,577.77,575.24,577.11,29831000
2025-08-18,SPY,642.86,644.0,642.18,643.3,43804900
2025-08-19,DIA,449.85,452.15,448.21,449.29,5794900
2025-08-19,IWM,228.02,228.98,225.69,226.21,25000700
2025-08-19,QQQ,576.39,576.56,568.25,569.28,53752600
2025-08-19,SPY,643.12,644.11,638.48,639.81,69750700
2025-08-20,DIA,449.79,450.52,447.67,449.36,4731400
2025-08-20,IWM,225.93,226.38,223.69,225.41,29229700
2025-08-20,QQQ,568.33,568.45,558.84,565.9,76781100
2025-08-20,SPY,639.4,639.66,632.95,638.11,88890300
2025-08-21,DIA,447.72,449.07,445.88,447.95,3780700
2025-08-21,IWM,224.41,226.32,223.78,225.97,24539400
2025-08-21,QQQ,564.35,566.49,560.98,563.28,46436900
2025-08-21,SPY,636.28,637.97,633.81,635.55,54805800
2025-08-22,DIA,450.42,457.87,450.29,456.64,8534700
2025-08-22,IWM,227.37,235.42,227.18,234.83,58205500
2025-08-22,QQQ,564.67,573.99,563.27,571.97,51502100
2025-08-22,SPY,637.76,646.5,637.25,645.31,84083200
2025-08-25,DIA,455.64,456.19,453.03,453.07,3898200
2025-08-25,IWM,234.14,234.3,232.36,232.36,28453700
2025-08-25,QQQ,570.4,573.29,569.16,570.32,34044700
2025-08-25,SPY,644.04,645.29,642.35,642.47,51274300
2025-08-26,DIA,452.79,454.75,452.54,454.49,3190500
2025-08-26,IWM,232.83,234.87,232.59,234.28,25121500
2025-08-26,QQQ,569.83,572.92,568.8,572.61,34103000
2025-08-26,SPY,642.2,645.51,641.57,645.16,51581600
2025-08-27,DIA,454.28,456.64,454.21,456.03,2943900
2025-08-27,IWM,233.74,236.12,233.56,235.94,25395400
2025-08-27,QQQ,571.59,574.41,570.37,573.49,36927100
2025-08-27,SPY,644.57,647.37,644.42,646.63,48341100
2025-08-28,DIA,456.53,457.2,454.79,456.79,3576500
2025-08-28,IWM,236.96,236.97,235.35,236.22,25011200
2025-08-28,QQQ,574.11,578.0,572.46,577.08,46787900
2025-08-28,SPY,647.24,649.48,645.34,648.92,61519500
2025-08-29,DIA,456.12,456.84,454.28,456.09,3605900
2025-08-29,IWM,236.74,237.02,234.37,235.17,29254800
2025-08-29,QQQ,574.66,575.03,568.54,570.4,56030400
2025-08-29,SPY,647.47,647.84,643.14,645.05,74522200
2025-09-02,DIA,451.99,453.7,450.16,453.61,6009200
2025-09-02,IWM,231.99,234.4,231.47,233.9,33108600
2025-09-02,QQQ,561.31,565.97,559.54,565.62,65876800
2025-09-02,SPY,637.5,640.49,634.92,640.27,81983500
2025-09-03,DIA,452.88,453.74,450.53,453.26,3948200
2025-09-03,IWM,233.27,235.26,232.46,233.67,33252400
2025-09-03,QQQ,569.23,571.7,566.73,570.07,54230200
2025-09-03,SPY,642.67,644.21,640.46,643.74,70820900
2025-09-04,DIA,453.55,457.26,452.56,457.05,4524200
2025-09-04,IWM,234.23,236.67,233.58,236.59,30323800
2025-09-04,QQQ,570.74,575.6,569.03,575.23,47526300
2025-09-04,SPY,644.42,649.15,643.51,649.12,65219200
2025-09-05,DIA,457.12,458.67,452.98,454.99,5828200
2025-09-05,IWM,237.72,239.68,234.95,237.77,47542500
2025-09-05,QQQ,580.49,581.12,571.53,576.06,68342500
2025-09-05,SPY,651.48,652.21,643.33,647.24,85178900
2025-09-08,DIA,455.38,456.29,453.63,456.2,4395200
2025-09-08,IWM,238.51,238.56,236.39,238.25,31487700
2025-09-08,QQQ,578.37,580.84,577.77,578.87,46371400
2025-09-08,SPY,648.62,649.84,647.23,648.83,63133100
2025-09-09,DIA,455.96,458.55,455.22,458.01,5979400
2025-09-09,IWM,237.9,237.96,235.42,236.85,35395800
2025-09-09,QQQ,579.67,580.94,577.04,580.51,44007600
2025-09-09,SPY,648.97,650.86,647.22,650.33,66133900
2025-09-10,DIA,457.71,457.9,454.71,455.93,5412200
2025-09-10,IWM,237.31,238.27,235.46,236.43,33910200
2025-09-10,QQQ,583.74,583.77,578.55,580.7,49308000
2025-09-10,SPY,653.62,654.55,650.63,652.21,78034500
2025-09-11,DIA,456.85,462.32,456.6,461.92,6352100
2025-09-11,IWM,236.85,240.93,236.24,240.8,43629800
2025-09-11,QQQ,583.24,584.88,581.62,584.08,44745800
2025-09-11,SPY,654.18,658.33,653.59,657.63,69934400
2025-09-12,DIA,461.25,461.69,459.07,459.32,3784600
2025-09-12,IWM,240.2,240.32,238.2,238.34,46097600
2025-09-12,QQQ,585.04,587.86,584.1,586.66,50745900
2025-09-12,SPY,657.6,659.11,656.9,657.41,72780100
2025-09-15,DIA,460.01,460.91,458.83,460.07,4862200
2025-09-15,IWM,239.23,240.04,238.55,239.35,33014000
2025-09-15,QQQ,588.44,591.79,588.29,591.68,44360300
2025-09-15,SPY,659.64,661.04,659.34,660.91,63772400
2025-09-16,DIA,460.11,460.8,457.78,458.78,4526100
2025-09-16,IWM,238.45,238.93,236.76,238.28,37059300
2025-09-16,QQQ,592.61,592.86,590.49,591.18,36942100
2025-09-16,SPY,661.47,661.78,659.21,660.0,61169000
2025-09-17,DIA,459.79,463.85,457.96,461.26,5998000
2025-09-17,IWM,238.82,244.28,237.02,238.89,79955600
2025-09-17,QQQ,591.1,591.75,584.37,590.0,69384800
2025-09-17,SPY,660.01,661.72,654.3,659.18,101952200
2025-09-18,DIA,461.29,464.37,460.66,462.63,6681000
2025-09-18,IWM,240.8,245.15,240.13,244.84,49167700
2025-09-18,QQQ,594.91,598.14,592.96,595.32,61069300
2025-09-18,SPY,661.89,664.89,660.27,662.26,90459200
2025-09-19,DIA,462.72,463.78,460.87,462.94,5871400
2025-09-19,IWM,245.57,245.57,242.51,242.98,56092000
2025-09-19,QQQ,597.33,600.05,595.85,599.35,58196100
2025-09-19,SPY,662.33,664.55,660.37,663.7,97945600
2025-09-22,DIA,461.16,464.29,460.16,463.67,4074900
2025-09-22,IWM,242.24,244.79,241.11,244.39,53572900
2025-09-22,QQQ,597.74,602.87,597.72,602.2,57154800
2025-09-22,SPY,662.2,667.29,662.17,666.84,69452200
2025-09-23,DIA,464.22,467.0,462.03,462.87,5904600
2025-09-23,IWM,245.01,247.18,243.44,243.84,41854500
2025-09-23,QQQ,602.37,602.57,596.98,598.2,64635500
2025-09-23,SPY,666.72,667.34,661.98,663.21,81708900
2025-09-24,DIA,463.45,464.42,460.8,461.02,4588800
2025-09-24,IWM,243.9,244.61,241.56,241.6,36002200
2025-09-24,QQQ,599.58,599.9,593.36,596.1,49850300
2025-09-24,SPY,664.51,664.61,659.67,661.1,68082200
2025-09-25,DIA,459.9,461.08,457.71,459.43,4767200
2025-09-25,IWM,238.98,239.99,237.55,239.29,37209500
2025-09-25,QQQ,592.2,595.12,588.5,593.53,70920200
2025-09-25,SPY,657.94,659.41,654.41,658.05,89622100
2025-09-26,DIA,461.27,463.41,460.32,462.28,4167200
2025-09-26,IWM,239.62,241.68,239.33,241.34,28942800
2025-09-26,QQQ,594.35,596.3,591.06,595.97,54337400
2025-09-26,SPY,659.51,662.37,657.88,661.82,69179200
2025-09-29,DIA,463.76,463.78,461.31,463.04,3752700
2025-09-29,IWM,242.84,242.93,240.81,241.62,26391500
2025-09-29,QQQ,599.11,602.05,597.41,598.73,48332900
2025-09-29,SPY,664.36,665.28,661.86,663.68,73499000
2025-09-30,DIA,462.62,464.09,460.84,463.74,4253300
2025-09-30,IWM,241.11,242.13,239.4,241.96,33447700
2025-09-30,QQQ,598.43,600.71,596.1,600.37,46533800
2025-09-30,SPY,662.93,666.65,661.61,666.18,86288000
2025-10-01,DIA,462.57,465.14,462.55,464.26,4551600
2025-10-01,IWM,240.57,243.04,240.55,242.49,28520000
2025-10-01,QQQ,597.17,603.79,596.34,603.25,46899600
2025-10-01,SPY,663.17,669.37,663.06,668.45,72545400
2025-10-02,DIA,464.31,465.77,462.62,465.11,5458300
2025-10-02,IWM,243.0,244.09,241.47,244.02,28687400
2025-10-02,QQQ,607.06,607.16,602.93,605.73,43765400
2025-10-02,SPY,670.45,670.57,666.78,669.22,56896000
2025-10-03,DIA,465.79,470.38,465.68,467.51,9693900
2025-10-03,IWM,245.35,248.09,245.03,245.83,34579600
2025-10-03,QQQ,606.51,607.33,601.39,603.18,46482100
2025-10-03,SPY,669.99,672.68,668.16,669.21,70494400
2025-10-06,DIA,468.32,468.47,464.23,466.84,7405400
2025-10-06,IWM,247.73,248.48,246.07,246.81,31507400
2025-10-06,QQQ,608.45,609.36,605.97,607.71,41962100
2025-10-06,SPY,671.62,672.51,669.46,671.61,54623300
2025-10-07,DIA,467.55,468.61,464.39,465.97,7368700
2025-10-07,IWM,247.36,247.64,243.19,244.16,31766600
2025-10-07,QQQ,609.02,609.71,603.03,604.51,58209500
2025-10-07,SPY,672.54,672.99,667.67,669.12,72020100
2025-10-08,DIA,467.32,468.13,464.93,466.07,4621200
2025-10-08,IWM,245.28,246.96,243.8,246.72,25825000
2025-10-08,QQQ,605.41,611.75,605.26,611.44,50629800
2025-10-08,SPY,670.25,673.21,669.42,673.11,60702200
2025-10-09,DIA,466.17,466.78,462.61,463.5,5411000
2025-10-09,IWM,246.31,247.25,244.01,245.13,26243100
2025-10-09,QQQ,611.48,611.61,607.48,610.7,45551000
2025-10-09,SPY,673.53,673.94,669.21,671.16,66501900
2025-10-10,DIA,465.12,466.5,454.72,454.87,9309100
2025-10-10,IWM,245.75,246.89,237.56,237.79,70569400
2025-10-10,QQQ,611.4,613.18,589.05,589.5,97614800
2025-10-10,SPY,672.13,673.95,652.84,653.02,159422600
2025-10-13,DIA,458.23,461.56,458.06,460.68,6272500
2025-10-13,IWM,241.83,244.63,241.4,244.41,36298600
2025-10-13,QQQ,599.68,602.95,597.23,602.01,65872600
2025-10-13,SPY,660.65,665.13,659.77,663.04,79560500
2025-10-14,DIA,457.03,465.22,454.56,462.71,7827400
2025-10-14,IWM,241.23,249.6,240.36,247.9,45320800
2025-10-14,QQQ,595.31,602.69,590.13,598.0,69203200
2025-10-14,SPY,657.17,665.83,653.17,662.23,88779600
2025-10-15,DIA,464.67,466.94,460.25,462.71,6187100
2025-10-15,IWM,250.36,252.77,247.06,250.33,45369000
2025-10-15,QQQ,604.01,606.7,595.93,602.22,62805500
2025-10-15,SPY,666.82,670.23,658.93,665.17,81702600
2025-10-16,DIA,463.37,464.27,457.84,459.56,8149500
2025-10-16,IWM,250.97,251.26,244.0,245.06,52740400
2025-10-16,QQQ,605.11,608.31,595.5,599.99,70982000
2025-10-16,SPY,666.82,668.71,657.11,660.64,110563300
2025-10-17,DIA,459.3,463.11,458.92,461.78,8439900
2025-10-17,IWM,243.32,245.16,241.47,243.41,55379500
2025-10-17,QQQ,597.95,605.51,596.37,603.93,72024900
2025-10-17,SPY,659.5,665.76,658.14,664.39,96500900
2025-10-20,DIA,463.45,467.53,463.43,467.02,4556600
2025-10-20,IWM,246.62,248.33,246.14,248.16,32545000
2025-10-20,QQQ,607.14,612.8,607.07,611.54,45761700
2025-10-20,SPY,667.32,672.21,667.27,671.3,60493400
2025-10-21,DIA,467.07,471.25,466.91,469.22,5951600
2025-10-21,IWM,247.43,248.37,245.51,246.99,26337900
2025-10-21,QQQ,611.64,612.72,609.32,611.38,44538200
2025-10-21,SPY,671.44,672.99,669.98,671.29,56249000
2025-10-22,DIA,469.21,469.24,464.48,465.78,7604700
2025-10-22,IWM,246.03,246.86,240.77,243.34,46578400
2025-10-22,QQQ,610.82,611.41,599.74,605.49,61478800
2025-10-22,SPY,672.0,672.0,663.3,667.8,80564000
2025-10-23,DIA,465.55,467.97,464.86,467.29,5144200
2025-10-23,IWM,244.29,247.12,243.68,246.42,28591000
2025-10-23,QQQ,604.91,611.37,604.52,610.58,42844300
2025-10-23,SPY,668.12,672.71,667.8,671.76,65604500
2025-10-24,DIA,470.02,473.24,469.28,472.21,7228900
2025-10-24,IWM,249.8,251.11,248.97,249.43,26627000
2025-10-24,QQQ,615.99,618.42,615.13,617.1,47632500
2025-10-24,SPY,676.46,678.47,675.65,677.25,74356500
2025-10-27,DIA,474.76,475.62,473.71,475.35,4720200
2025-10-27,IWM,251.78,252.21,249.5,250.3,31798100
2025-10-27,QQQ,624.52,628.55,624.03,628.09,54098600
2025-10-27,SPY,682.73,685.54,682.12,685.24,63339800
2025-10-28,DIA,478.8,479.41,476.82,477.15,9435500
2025-10-28,IWM,249.55,250.9,248.11,248.96,28075900
2025-10-28,QQQ,630.36,634.68,629.25,632.92,61195700
2025-10-28,SPY,687.05,688.91,684.83,687.06,61738100
2025-10-29,DIA,478.65,480.39,474.49,476.37,10006500
2025-10-29,IWM,248.84,251.14,244.69,246.84,56235300
2025-10-29,QQQ,635.59,637.01,630.25,635.77,67422800
2025-10-29,SPY,688.72,689.7,682.87,687.39,85657100
2025-10-30,DIA,474.1,480.15,473.91,475.01,9338300
2025-10-30,IWM,245.27,248.14,244.63,244.85,44538700
2025-10-30,QQQ,632.17,633.5,625.94,626.05,61628600
2025-10-30,SPY,683.9,685.94,679.83,679.83,76335800
2025-10-31,DIA,475.86,477.16,473.42,475.67,7990900
2025-10-31,IWM,244.99,246.79,243.69,246.23,37214700
2025-10-31,QQQ,634.17,634.2,626.69,629.07,66305100
2025-10-31,SPY,685.04,685.08,679.24,682.06,87164100
2025-11-03,DIA,476.16,476.3,471.3,473.47,4858700
2025-11-03,IWM,246.17,246.26,242.49,245.44,28887900
2025-11-03,QQQ,635.11,635.82,629.85,632.08,37154300
2025-11-03,SPY,685.67,685.8,679.94,683.34,57315000
2025-11-04,DIA,470.42,472.71,468.8,470.9,6013300
2025-11-04,IWM,241.79,244.06,241.0,241.2,34468700
2025-11-04,QQQ,623.28,626.95,618.46,619.25,63830800
2025-11-04,SPY,676.11,679.96,674.58,675.24,78427000
2025-11-05,DIA,470.8,474.56,470.4,473.11,7030200
2025-11-05,IWM,241.96,245.73,241.64,244.68,38229200
2025-11-05,QQQ,618.49,626.6,617.21,623.28,48688500
2025-11-05,SPY,674.98,680.86,674.17,677.58,74402400
2025-11-06,DIA,472.09,473.44,467.85,469.28,7125200
2025-11-06,IWM,244.26,244.79,240.0,240.35,40601200
2025-11-06,QQQ,621.79,622.04,610.3,611.67,72115100
2025-11-06,SPY,676.47,677.38,668.72,670.31,85035300
2025-11-07,DIA,468.28,469.95,464.86,469.86,8604400
2025-11-07,IWM,238.41,241.66,236.27,241.61,54978900
2025-11-07,QQQ,608.31,609.95,598.67,609.74,81835400
2025-11-07,SPY,667.91,671.08,661.21,670.97,100592400
2025-11-10,DIA,471.9,474.2,469.45,473.82,5636600
2025-11-10,IWM,245.01,245.24,242.25,244.03,31238000
2025-11-10,QQQ,618.92,624.31,616.89,623.23,55919900
2025-11-10,SPY,677.24,682.18,675.03,681.44,75842900
2025-11-11,DIA,474.26,479.86,474.0,479.41,4839100
2025-11-11,IWM,243.37,244.74,242.52,244.24,27357900
2025-11-11,QQQ,620.57,622.72,617.52,621.57,44868800
2025-11-11,SPY,679.95,683.57,678.73,683.0,58953400
2025-11-12,DIA,480.49,484.4,480.49,482.76,7066900
2025-11-12,IWM,244.84,246.38,243.33,243.64,34543200
2025-11-12,QQQ,624.84,624.86,617.81,621.08,47444400
2025-11-12,SPY,684.79,684.96,680.95,683.38,62312500
2025-11-13,DIA,481.4,482.41,474.22,474.74,8722300
2025-11-13,IWM,241.84,242.68,235.84,236.79,65710000
2025-11-13,QQQ,617.54,618.12,606.08,608.4,71333600
2025-11-13,SPY,680.5,680.86,670.52,672.04,103457800
2025-11-14,DIA,471.38,474.05,468.87,471.8,10940200
2025-11-14,IWM,233.34,238.73,233.27,237.48,58344400
2025-11-14,QQQ,599.55,613.35,597.17,608.86,80087300
2025-11-14,SPY,665.38,675.66,663.27,671.93,96846700
2025-11-17,DIA,470.87,472.36,464.54,466.32,7599500
2025-11-17,IWM,236.46,237.84,231.76,232.76,55765900
2025-11-17,QQQ,606.3,612.48,599.87,603.66,63850400
2025-11-17,SPY,669.7,673.71,662.17,665.67,90456100
2025-11-18,DIA,462.17,464.1,459.53,461.3,12817500
2025-11-18,IWM,231.31,235.08,230.96,233.47,63092500
2025-11-18,QQQ,599.62,602.31,591.34,596.31,83327300
2025-11-18,SPY,662.1,665.12,655.86,660.08,114467500
2025-11-19,DIA,461.51,463.4,459.42,461.76,5833400
2025-11-19,IWM,233.8,236.37,232.43,233.43,57280500
2025-11-19,QQQ,597.07,606.16,594.59,599.87,73111500
2025-11-19,SPY,660.78,667.34,658.75,662.63,94703000
2025-11-20,DIA,466.64,469.03,457.71,458.1,13414200
2025-11-20,IWM,237.24,239.1,228.9,229.11,95483000
2025-11-20,QQQ,611.62,614.03,584.75,585.67,117743200
2025-11-20,SPY,672.91,675.56,651.89,652.53,165293500
2025-11-21,DIA,459.54,465.82,457.85,462.57,11821400
2025-11-21,IWM,229.96,237.11,229.58,235.6,99504100
2025-11-21,QQQ,587.47,596.98,580.74,590.07,103344200
2025-11-21,SPY,655.05,664.55,650.85,659.03,123956200
2025-11-24,DIA,463.75,465.87,461.01,464.44,6206800
2025-11-24,IWM,235.96,240.39,235.48,239.9,36135300
2025-11-24,QQQ,595.28,606.68,595.16,605.16,60168100
2025-11-24,SPY,662.69,670.06,661.59,668.73,80437900
2025-11-25,DIA,465.58,471.9,463.45,471.18,7203600
2025-11-25,IWM,240.74,245.55,240.04,245.13,46160800
2025-11-25,QQQ,603.51,610.26,597.32,608.89,57560900
2025-11-25,SPY,668.63,676.21,664.48,675.02,81077100
2025-11-26,DIA,472.2,475.79,471.93,474.35,5689100
2025-11-26,IWM,245.05,248.83,244.77,247.3,34636600
2025-11-26,QQQ,612.51,616.19,610.39,614.27,42393600
2025-11-26,SPY,677.63,681.7,676.72,679.68,71879600
2025-11-28,DIA,474.82,477.61,474.82,477.18,2281800
2025-11-28,IWM,248.01,248.81,247.07,248.75,18911800
2025-11-28,QQQ,616.11,619.32,615.42,619.25,23034400
2025-11-28,SPY,680.86,683.67,680.5,683.39,49212000
2025-12-01,DIA,474.34,476.95,472.95,473.32,4413900
2025-12-01,IWM,245.57,247.69,245.34,245.62,36920000
2025-12-01,QQQ,613.63,619.44,612.52,617.17,40957600
2025-12-01,SPY,678.81,682.99,678.74,680.27,61201200
2025-12-02,DIA,474.21,476.46,473.12,475.26,5233500
2025-12-02,IWM,247.37,247.37,245.12,245.17,31918500
2025-12-02,QQQ,619.46,623.75,617.59,622.0,54541800
2025-12-02,SPY,681.92,683.82,679.33,681.53,62953800
2025-12-03,DIA,474.83,480.18,474.67,479.41,5994200
2025-12-03,IWM,245.97,249.84,245.48,249.63,32846300
2025-12-03,QQQ,619.62,624.22,618.03,623.52,47841600
2025-12-03,SPY,680.57,684.91,679.69,683.89,57238500
2025-12-04,DIA,479.71,481.23,477.5,479.07,4003800
2025-12-04,IWM,248.97,252.66,248.54,251.82,40245800
2025-12-04,QQQ,624.93,624.94,619.54,622.94,47067800
2025-12-04,SPY,685.3,685.37,681.34,684.39,61970300
2025-12-05,DIA,479.48,481.93,479.29,480.03,4596600
2025-12-05,IWM,251.49,252.66,250.28,250.77,36956600
2025-12-05,QQQ,624.38,628.92,623.71,625.48,53614200
2025-12-05,SPY,685.47,688.39,684.58,685.69,79241000
2025-12-08,DIA,480.49,480.52,476.84,478.15,4427600
2025-12-08,IWM,252.7,252.77,250.18,250.87,29100000
2025-12-08,QQQ,627.21,628.84,621.69,624.28,43462400
2025-12-08,SPY,686.59,686.64,681.57,683.63,55231500
2025-12-09,DIA,478.07,480.28,476.09,476.42,4266900
2025-12-09,IWM,250.25,252.95,250.1,251.39,30170100
2025-12-09,QQQ,623.01,625.87,621.0,625.05,37156000
2025-12-09,SPY,683.15,685.39,682.59,683.04,58310100
2025-12-10,DIA,476.13,482.75,475.36,481.35,5476200
2025-12-10,IWM,250.9,256.57,250.54,254.81,51105200
2025-12-10,QQQ,623.85,629.21,620.99,627.61,55031400
2025-12-10,SPY,682.56,688.97,681.31,687.57,85671300
2025-12-11,DIA,482.2,488.38,481.96,487.87,6972300
2025-12-11,IWM,254.64,258.01,254.32,257.8,41345200
2025-12-11,QQQ,623.82,625.78,617.72,625.58,58272800
2025-12-11,SPY,685.14,689.25,682.17,689.17,86173700
2025-12-12,DIA,488.7,489.66,484.17,485.4,7089900
2025-12-12,IWM,257.95,258.2,253.44,253.85,57657700
2025-12-12,QQQ,622.08,623.54,611.36,613.62,75158700
2025-12-12,SPY,688.17,688.88,679.17,681.76,113160300
2025-12-15,DIA,487.58,487.73,483.71,485.17,4891300
2025-12-15,IWM,255.55,255.69,251.74,251.93,43120100
2025-12-15,QQQ,618.37,618.42,609.32,610.54,49538200
2025-12-15,SPY,685.74,685.76,679.25,680.73,90811000
2025-12-16,DIA,484.46,485.48,480.33,481.98,5373200
2025-12-16,IWM,250.34,252.16,248.47,249.9,43115300
2025-12-16,QQQ,608.26,613.51,606.91,611.75,55152800
2025-12-16,SPY,679.23,681.08,674.98,678.87,122030600
2025-12-17,DIA,482.81,484.79,479.49,479.8,6381600
2025-12-17,IWM,250.37,252.16,246.7,247.24,38132400
2025-12-17,QQQ,613.06,613.65,600.28,600.41,70654300
2025-12-17,SPY,679.89,680.44,671.2,671.4,110625200
2025-12-18,DIA,482.18,484.63,479.41,480.51,6422800
2025-12-18,IWM,250.18,251.36,248.21,248.71,39068000
2025-12-18,QQQ,609.8,612.93,606.92,609.11,78875800
2025-12-18,SPY,677.6,680.74,674.9,676.47,108650100
2025-12-19,DIA,480.62,482.8,480.43,481.15,6439100
2025-12-19,IWM,249.28,251.4,249.06,250.79,43610400
2025-12-19,QQQ,611.95,617.62,611.87,617.05,60369800
2025-12-19,SPY,676.59,681.09,676.47,680.59,103599500
2025-12-22,DIA,481.86,484.43,481.86,483.46,4162000
2025-12-22,IWM,252.28,255.12,252.2,253.58,40497300
2025-12-22,QQQ,621.35,621.65,617.77,619.21,43703100
2025-12-22,SPY,683.94,685.36,680.59,684.83,69556700
2025-12-23,DIA,482.18,485.12,482.18,484.23,3677800
2025-12-23,IWM,252.42,253.22,251.46,252.08,24973500
2025-12-23,QQQ,618.2,622.41,617.78,622.11,41120400
2025-12-23,SPY,683.92,688.2,683.87,687.96,64840000
2025-12-24,DIA,484.19,487.57,483.59,487.01,1544000
2025-12-24,IWM,251.97,252.86,251.12,252.71,12103000
2025-12-24,QQQ,621.99,624.28,621.72,623.93,18468700
2025-12-24,SPY,687.95,690.83,687.8,690.38,39445600
2025-12-26,DIA,486.84,487.62,485.73,487.03,2711500
2025-12-26,IWM,252.58,252.75,250.4,251.42,17429900
2025-12-26,QQQ,624.66,625.52,623.14,623.89,28959800
2025-12-26,SPY,690.64,691.66,689.27,690.31,41613300
2025-12-29,DIA,485.89,486.91,483.75,484.59,3390100
2025-12-29,IWM,250.26,251.5,249.35,249.88,25218800
2025-12-29,QQQ,620.1,622.78,618.73,620.87,32458300
2025-12-29,SPY,687.54,689.2,686.07,687.85,62559500
2025-12-30,DIA,484.62,484.67,482.82,483.59,3042700
2025-12-30,IWM,249.97,250.15,247.95,248.03,22123600
2025-12-30,QQQ,619.84,622.18,619.22,619.43,31226800
2025-12-30,SPY,687.45,688.56,686.58,687.01,47160700
2025-12-31,DIA,483.65,483.81,480.36,480.57,3441900
2025-12-31,IWM,248.18,248.28,246.01,246.16,35352000
2025-12-31,QQQ,619.65,619.96,614.05,614.31,40746500
2025-12-31,SPY,687.14,687.36,681.71,681.92,74144800
2026-01-02,DIA,481.85,483.95,478.38,483.63,7021100
2026-01-02,IWM,247.63,249.09,245.86,248.78,40007700
2026-01-02,QQQ,620.06,622.85,610.15,613.12,61859200
2026-01-02,SPY,685.71,686.87,679.82,683.17,89377200
2026-01-05,DIA,484.41,492.04,484.25,489.77,7574400
2026-01-05,IWM,249.79,253.55,249.57,252.73,37428100
2026-01-05,QQQ,619.32,620.81,616.72,617.99,46828400
2026-01-05,SPY,686.54,689.43,686.38,687.72,71927200
2026-01-06,DIA,489.33,495.12,488.96,494.61,6061400
2026-01-06,IWM,252.24,256.25,251.52,256.08,40677800
2026-01-06,QQQ,619.23,624.02,618.54,623.42,43137500
2026-01-06,SPY,687.93,692.32,687.78,691.81,69273800
2026-01-07,DIA,495.65,496.25,489.5,489.96,5603700
2026-01-07,IWM,256.4,256.8,253.97,255.48,33052000
2026-01-07,QQQ,623.04,627.94,622.56,624.02,44880300
2026-01-07,SPY,692.19,693.96,689.32,689.58,75588300
2026-01-08,DIA,487.81,493.52,487.81,492.53,6544800
2026-01-08,IWM,254.7,258.93,254.36,258.27,37957000
2026-01-08,QQQ,623.03,623.42,617.8,620.47,50435900
2026-01-08,SPY,688.82,690.62,687.49,689.51,64019200
2026-01-09,DIA,492.86,495.7,491.91,495.02,6004600
2026-01-09,IWM,259.58,261.56,258.09,260.23,36301500
2026-01-09,QQQ,621.41,627.89,619.06,626.65,49688700
2026-01-09,SPY,690.63,695.31,689.18,694.07,80125500
2026-01-12,DIA,492.33,496.34,490.05,495.9,5722400
2026-01-12,IWM,259.28,261.66,258.24,261.5,28423400
2026-01-12,QQQ,622.31,628.85,622.26,627.17,37388700
2026-01-12,SPY,690.68,696.09,690.63,695.16,63976000
2026-01-13,DIA,495.55,495.96,490.63,491.94,5966400
2026-01-13,IWM,262.41,262.89,260.46,261.35,33882400
2026-01-13,QQQ,627.27,629.47,623.7,626.24,44481400
2026-01-13,SPY,695.49,696.09,691.35,693.77,78309700
2026-01-14,DIA,490.66,491.94,488.55,491.58,6767800
2026-01-14,IWM,261.13,263.46,260.19,263.19,37164300
2026-01-14,QQQ,622.24,623.45,614.56,619.55,72598700
2026-01-14,SPY,691.0,691.72,686.04,690.36,94676700
2026-01-15,DIA,492.37,495.83,492.21,494.48,8519900
2026-01-15,IWM,264.06,267.05,263.73,265.51,33465200
2026-01-15,QQQ,626.6,630.0,620.75,621.78,53934900
2026-01-15,SPY,694.57,695.45,691.25,692.24,77862000
2026-01-16,DIA,494.5,496.0,492.27,493.42,5845500
2026-01-16,IWM,265.87,267.22,264.71,265.76,33844900
2026-01-16,QQQ,625.5,626.08,618.88,621.26,61058100
2026-01-16,SPY,693.66,694.25,690.1,691.66,79289200
2026-01-20,DIA,486.17,489.06,484.25,484.88,7416300
2026-01-20,IWM,261.14,265.08,261.06,262.58,47911500
2026-01-20,QQQ,610.53,615.06,607.05,608.06,81988900
2026-01-20,SPY,681.49,684.77,676.57,677.58,111623300
2026-01-21,DIA,485.67,492.91,485.56,490.8,6718600
2026-01-21,IWM,264.64,268.59,262.92,267.79,59952800
2026-01-21,QQQ,609.47,620.42,607.86,616.28,79837900
2026-01-21,SPY,679.65,688.74,678.13,685.4,127844500
2026-01-22,DIA,493.47,496.01,492.46,493.69,5087200
2026-01-22,IWM,269.83,271.6,269.42,269.79,35110800
2026-01-22,QQQ,622.35,622.46,617.78,620.76,42254800
2026-01-22,SPY,689.85,691.13,686.92,688.98,77112200
2026-01-23,DIA,491.82,492.13,489.56,490.93,4915700
2026-01-23,IWM,269.04,269.05,264.46,264.81,42636700
2026-01-23,QQQ,619.73,625.4,618.65,622.72,43645800
2026-01-23,SPY,688.15,690.96,687.16,689.23,63059600
2026-01-26,DIA,491.91,494.85,491.47,494.06,3722800
2026-01-26,IWM,265.07,266.69,263.49,263.98,32119300
2026-01-26,QQQ,623.21,627.61,622.12,625.46,35983000
2026-01-26,SPY,690.49,694.13,689.92,692.73,60473800
2026-01-27,DIA,490.69,491.59,488.56,490.06,5971400
2026-01-27,IWM,264.05,264.86,262.66,264.73,26975500
2026-01-27,QQQ,628.91,632.04,627.34,631.13,38997200
2026-01-27,SPY,694.18,696.53,693.57,695.49,55506100
2026-01-28,DIA,490.28,491.39,488.93,490.13,4726500
2026-01-28,IWM,265.98,266.68,262.56,263.3,37139100
2026-01-28,QQQ,635.46,636.6,631.81,633.22,50691700
2026-01-28,SPY,697.05,697.84,693.94,695.42,61172200
2026-01-29,DIA,490.08,492.95,485.89,490.21,9706500
2026-01-29,IWM,264.07,265.06,259.41,263.37,43922900
2026-01-29,QQQ,632.65,633.67,618.27,629.43,79944000
2026-01-29,SPY,696.39,697.06,684.83,694.04,97486200
2026-01-30,DIA,489.11,490.48,484.56,489.03,8112100
2026-01-30,IWM,261.07,262.98,257.94,259.65,59164200
2026-01-30,QQQ,625.71,628.26,619.3,621.87,65650700
2026-01-30,SPY,691.79,694.21,687.12,691.97,101835100
2026-02-02,DIA,488.87,494.81,486.98,494.03,5584500
2026-02-02,IWM,258.48,263.77,258.35,262.18,42896200
2026-02-02,QQQ,618.7,628.49,618.66,626.14,49020300
2026-02-02,SPY,689.58,696.93,689.42,695.41,79286500
2026-02-03,DIA,493.14,496.52,488.28,492.31,8799100
2026-02-03,IWM,263.06,265.06,258.55,262.78,54588000
2026-02-03,QQQ,628.3,629.98,610.96,616.52,81234000
2026-02-03,SPY,696.21,696.96,684.03,689.53,107904600
2026-02-04,DIA,493.92,496.5,491.11,494.75,8797100
2026-02-04,IWM,264.16,264.65,257.14,260.52,48826500
2026-02-04,QQQ,615.02,615.1,600.47,605.75,81850700
2026-02-04,SPY,690.35,691.45,681.76,686.19,105204600
2026-02-05,DIA,492.51,493.44,488.23,488.91,7767500
2026-02-05,IWM,258.5,261.62,255.05,255.83,48279600
2026-02-05,QQQ,600.21,604.81,594.76,597.03,89354500
2026-02-05,SPY,680.94,683.69,675.79,677.62,113610800
2026-02-06,DIA,492.37,501.67,492.13,501.03,10635300
2026-02-06,IWM,259.74,265.72,259.58,265.02,43354900
2026-02-06,QQQ,600.19,611.41,598.77,609.65,78019300
2026-02-06,SPY,681.46,692.31,680.85,690.62,89127600
2026-02-09,DIA,500.11,502.16,498.31,501.22,6414800
2026-02-09,IWM,264.84,267.67,263.34,266.88,29064800
2026-02-09,QQQ,607.54,616.46,605.07,614.32,56797600
2026-02-09,SPY,689.42,695.87,688.34,693.95,73885200
2026-02-10,DIA,502.34,505.3,501.26,501.9,8163100
2026-02-10,IWM,267.23,268.52,265.88,266.16,24661700
2026-02-10,QQQ,615.31,617.02,611.01,611.47,53938900
2026-02-10,SPY,694.95,696.54,691.66,692.12,65185700
2026-02-11,DIA,504.21,505.12,499.13,501.33,5743800
2026-02-11,IWM,268.47,268.96,262.1,264.95,41829400
2026-02-11,QQQ,616.38,617.52,607.69,613.11,58575100
2026-02-11,SPY,696.39,697.14,689.18,691.96,76353900
2026-02-12,DIA,503.13,504.54,494.32,494.67,9160300
2026-02-12,IWM,267.02,267.46,258.39,259.54,47628200
2026-02-12,QQQ,614.71,615.81,599.57,600.64,81378900
2026-02-12,SPY,694.24,695.35,680.37,681.27,118829000
2026-02-13,DIA,495.04,497.78,491.2,495.28,8378100
2026-02-13,IWM,260.6,265.17,258.51,262.96,45360300
2026-02-13,QQQ,600.43,606.48,596.42,601.92,69237500
2026-02-13,SPY,681.69,686.28,677.52,681.75,96267500
2026-02-17,DIA,495.33,497.57,492.11,495.85,6779400
2026-02-17,IWM,262.38,264.36,259.06,263.04,33734800
2026-02-17,QQQ,598.38,603.95,593.34,601.3,69013800
2026-02-17,SPY,680.14,684.94,675.78,682.85,81354700
2026-02-18,DIA,496.78,499.34,494.65,497.0,4454300
2026-02-18,IWM,263.03,266.91,261.85,263.99,36034700
2026-02-18,QQQ,602.11,609.77,600.72,605.79,64250700
2026-02-18,SPY,684.02,689.15,682.83,686.29,73570300
2026-02-19,DIA,495.56,496.49,492.41,494.38,4625400
2026-02-19,IWM,262.57,264.64,261.08,264.6,31006000
2026-02-19,QQQ,602.81,605.82,600.75,603.47,60960800
2026-02-19,SPY,683.84,686.18,681.55,684.48,58649400
2026-02-20,DIA,492.54,497.0,491.39,496.08,6086800
2026-02-20,IWM,262.85,267.33,262.14,264.61,47126600
2026-02-20,QQQ,600.12,610.35,599.23,608.81,74127300
2026-02-20,SPY,682.32,690.06,681.73,689.43,100034000
2026-02-23,DIA,494.5,496.99,487.15,488.01,8269200
2026-02-23,IWM,263.4,264.37,258.1,260.49,44001100
2026-02-23,QQQ,606.61,608.01,599.05,601.41,63859100
2026-02-23,SPY,687.83,690.0,680.37,682.39,90558100
2026-02-24,DIA,488.39,492.85,487.45,491.79,5335000
2026-02-24,IWM,260.4,264.14,259.86,263.33,34884200
2026-02-24,QQQ,602.4,608.99,599.73,607.87,55023700
2026-02-24,SPY,681.9,688.35,680.0,687.35,73798700
2026-02-25,DIA,493.63,495.13,491.9,494.82,4446200
2026-02-25,IWM,265.25,265.28,262.43,264.58,26012100
2026-02-25,QQQ,611.07,616.83,611.0,616.68,55710700
2026-02-25,SPY,690.18,693.68,690.1,693.15,56369500
2026-02-26,DIA,497.0,498.21,492.24,494.86,6467000
2026-02-26,IWM,265.01,266.24,262.12,265.99,41206500
2026-02-26,QQQ,615.59,615.59,603.98,609.24,96178900
2026-02-26,SPY,693.28,693.3,684.35,689.3,71671000
2026-02-27,DIA,489.63,490.95,486.76,489.66,7198400
2026-02-27,IWM,262.1,262.76,259.77,261.41,40631500
2026-02-27,QQQ,602.98,608.32,602.19,607.29,68125200
2026-02-27,SPY,683.09,686.86,681.64,685.99,83308900
2026-03-02,DIA,484.34,490.98,484.15,489.18,7218500
2026-03-02,IWM,257.81,264.28,257.79,263.81,53495700
2026-03-02,QQQ,598.86,609.92,597.99,608.09,75264600
2026-03-02,SPY,678.7,688.62,678.02,686.38,87477200
2026-03-03,DIA,480.16,487.39,476.73,485.52,11570700
2026-03-03,IWM,256.8,261.12,253.31,259.24,59537000
2026-03-03,QQQ,596.33,603.96,591.87,601.58,97015500
2026-03-03,SPY,675.06,682.61,669.66,680.33,105003100
2026-03-04,DIA,486.56,489.03,483.95,487.74,7590700
2026-03-04,IWM,261.2,262.96,258.82,261.76,37979700
2026-03-04,QQQ,604.16,612.88,603.43,610.75,70943900
2026-03-04,SPY,681.63,687.09,679.62,685.13,79182200
2026-03-05,DIA,483.82,485.49,476.15,479.84,8758600
2026-03-05,IWM,258.99,260.76,254.16,256.76,60414600
2026-03-05,QQQ,607.4,612.76,602.26,608.91,89602400
2026-03-05,SPY,682.08,685.53,675.61,681.31,106606500
2026-03-06,DIA,473.72,476.23,470.46,475.23,8206100
2026-03-06,IWM,251.49,253.3,249.94,250.89,64192000
2026-03-06,QQQ,600.31,606.0,598.33,599.75,86302300
2026-03-06,SPY,673.41,676.11,669.76,672.38,100687000
2026-03-09,DIA,470.88,479.38,466.68,477.88,10305600
2026-03-09,IWM,247.59,254.65,244.39,253.62,65369500
2026-03-09,QQQ,594.23,609.27,591.33,607.76,93068200
2026-03-09,SPY,666.39,679.92,662.39,678.27,102667700
2026-03-10,DIA,477.74,482.87,475.01,477.7,6265600
2026-03-10,IWM,252.96,257.65,252.4,253.36,55879100
2026-03-10,QQQ,607.78,613.29,605.42,607.77,64078900
2026-03-10,SPY,677.72,683.36,674.76,677.18,81505300
2026-03-11,DIA,477.4,477.77,472.46,474.81,6701700
2026-03-11,IWM,252.34,254.38,250.58,252.85,50418100
2026-03-11,QQQ,608.95,612.43,605.03,607.69,60114800
2026-03-11,SPY,677.58,680.08,673.34,676.33,68441700
2026-03-12,DIA,470.34,471.48,467.41,467.48,8000200
2026-03-12,IWM,248.94,249.81,246.58,247.41,61802900
2026-03-12,QQQ,602.76,604.14,597.05,597.26,71836600
2026-03-12,SPY,671.16,671.65,665.87,666.06,108882200
2026-03-13,DIA,469.94,472.1,465.78,466.41,7471700
2026-03-13,IWM,249.26,250.61,245.54,246.59,53933300
2026-03-13,QQQ,599.73,603.6,592.57,593.72,63145500
2026-03-13,SPY,669.27,672.34,661.36,662.29,97200200
2026-03-16,DIA,470.07,472.7,468.98,470.3,7059900
2026-03-16,IWM,249.76,251.47,248.31,248.92,48755700
2026-03-16,QQQ,600.04,603.86,599.11,600.38,49077200
2026-03-16,SPY,668.38,672.07,667.12,669.03,82023100
2026-03-17,DIA,473.38,475.13,470.63,470.9,6189400
2026-03-17,IWM,249.87,251.71,248.96,250.05,40642800
2026-03-17,QQQ,603.14,605.9,601.87,603.31,47106600
2026-03-17,SPY,672.39,674.44,669.7,670.79,87128000
2026-03-18,DIA,468.77,469.75,462.76,463.0,7090700
2026-03-18,IWM,248.41,249.23,245.88,246.02,43192600
2026-03-18,QQQ,601.49,603.16,594.56,594.9,56128000
2026-03-18,SPY,668.36,669.72,661.19,661.43,82062600
2026-03-19,DIA,459.97,463.37,458.16,461.06,7882800
2026-03-19,IWM,243.03,250.09,242.52,247.63,59219500
2026-03-19,QQQ,589.51,595.8,587.08,593.02,75597600
2026-03-19,SPY,656.97,662.98,655.17,659.8,111272500
2026-03-20,DIA,458.73,460.57,453.54,455.89,10543300
2026-03-20,IWM,246.97,247.5,240.33,242.22,76749900
2026-03-20,QQQ,591.06,591.17,578.54,582.06,91964700
2026-03-20,SPY,656.51,656.69,644.72,648.57,163617500
2026-03-23,DIA,463.3,467.04,460.92,461.97,9978100
2026-03-23,IWM,247.17,251.36,246.11,247.45,78746600
2026-03-23,QQQ,590.52,595.08,585.96,588.0,89936100
2026-03-23,SPY,658.07,662.62,653.94,655.38,134802700
2026-03-24,DIA,458.42,463.94,457.44,461.17,8188000
2026-03-24,IWM,245.51,250.16,244.6,248.78,45210800
2026-03-24,QQQ,584.81,587.93,581.93,583.98,57750900
2026-03-24,SPY,651.32,657.03,649.88,653.18,96457500
2026-03-25,DIA,465.73,467.24,461.8,464.14,7019700
2026-03-25,IWM,251.74,253.07,249.52,251.82,45671700
2026-03-25,QQQ,589.14,591.37,585.69,587.82,60475500
2026-03-25,SPY,658.67,660.89,654.24,656.82,90653800
2026-03-26,DIA,461.54,465.43,458.94,459.31,8284000
2026-03-26,IWM,248.89,251.86,247.16,247.44,46830200
2026-03-26,QQQ,582.6,584.63,573.43,573.79,81492100
2026-03-26,SPY,652.06,654.85,644.82,645.09,96494400
2026-03-27,DIA,457.36,457.5,450.49,451.39,6938500
2026-03-27,IWM,246.01,246.74,242.41,243.1,48114400
2026-03-27,QQQ,570.81,571.02,561.57,562.58,82702200
2026-03-27,SPY,642.5,642.66,633.11,634.09,103649400
2026-03-30,DIA,455.6,456.12,450.44,452.06,9181600
2026-03-30,IWM,245.35,245.37,238.69,239.61,51290500
2026-03-30,QQQ,567.38,568.05,555.6,558.28,70602600
2026-03-30,SPY,640.11,640.37,629.28,631.97,99275900
2026-03-31,DIA,456.81,463.82,454.67,463.19,11656300
2026-03-31,IWM,243.04,248.92,242.24,248.0,58660800
2026-03-31,QQQ,564.29,578.64,564.21,577.18,95878000
2026-03-31,SPY,638.94,651.54,637.98,650.34,152534100
2026-04-01,DIA,466.0,467.9,464.5,465.48,7790300
2026-04-01,IWM,249.92,252.44,249.11,249.56,51295900
2026-04-01,QQQ,581.48,587.74,580.42,584.31,79435100
2026-04-01,SPY,653.9,658.52,653.0,655.24,97841500
2026-04-02,DIA,460.16,467.52,458.88,465.06,3955900
2026-04-02,IWM,244.94,252.37,244.87,251.29,30369200
2026-04-02,QQQ,573.97,586.05,571.92,584.98,50941700
2026-04-02,SPY,646.42,658.2,645.11,655.83,68358700
2026-04-06,DIA,464.16,467.02,463.46,466.77,2905300
2026-04-06,IWM,250.99,253.05,250.25,252.36,22151400
2026-04-06,QQQ,586.23,590.61,584.69,588.5,35108500
2026-04-06,SPY,655.86,659.72,655.52,658.93,39105800
2026-04-07,DIA,465.75,466.31,462.11,465.88,3943200
2026-04-07,IWM,251.21,253.48,249.52,252.91,34881900
2026-04-07,QQQ,585.64,588.98,578.4,588.59,49948200
2026-04-07,SPY,656.65,659.61,651.06,659.22,69980400
2026-04-08,DIA,478.88,480.2,475.56,479.16,4697500
2026-04-08,IWM,261.52,262.27,258.41,260.47,46680200
2026-04-08,QQQ,608.71,609.9,602.12,606.09,63086000
2026-04-08,SPY,676.39,677.08,671.46,676.01,93606100
2026-04-09,DIA,477.49,483.27,477.01,481.9,4213700
2026-04-09,IWM,258.78,262.9,258.78,261.96,26758400
2026-04-09,QQQ,605.93,610.5,603.03,610.19,37837500
2026-04-09,SPY,674.84,681.16,673.77,679.91,57134400
2026-04-10,DIA,482.2,482.4,478.63,479.25,2659000
2026-04-10,IWM,262.4,262.75,260.34,261.3,22365900
2026-04-10,QQQ,611.84,613.67,609.58,611.07,34038500
2026-04-10,SPY,681.32,682.03,678.45,679.46,42253500
2026-04-13,DIA,476.1,482.28,475.15,482.13,3768700
2026-04-13,IWM,260.24,265.36,260.02,265.07,23820000
2026-04-13,QQQ,609.48,626.74,608.11,617.39,32972100
2026-04-13,SPY,677.41,686.3,676.58,686.1,54185800
2026-04-14,DIA,482.41,485.97,481.86,485.49,4217900
2026-04-14,IWM,267.09,269.42,266.28,268.72,24270400
2026-04-14,QQQ,620.22,628.6,620.1,628.6,49921100
2026-04-14,SPY,687.69,694.58,687.66,694.46,63480500
2026-04-15,DIA,486.51,487.08,482.86,484.72,3474500
2026-04-15,IWM,268.78,269.59,267.59,269.39,21670600
2026-04-15,QQQ,629.08,637.83,628.2,637.4,50102400
2026-04-15,SPY,695.26,700.28,694.2,699.94,58240400
2026-04-16,DIA,485.82,486.78,483.35,485.63,4111500
2026-04-16,IWM,269.45,270.35,268.05,269.95,30847900
2026-04-16,QQQ,639.21,642.18,635.26,640.47,42320600
2026-04-16,SPY,701.06,702.78,698.53,701.66,49972400
2026-04-17,DIA,490.67,497.04,490.36,494.22,10238700
2026-04-17,IWM,273.74,277.63,273.12,275.78,46462700
2026-04-17,QQQ,645.59,650.0,644.07,648.85,53488900
2026-04-17,SPY,706.14,712.39,705.76,710.14,70661900
2026-04-20,DIA,493.45,494.78,492.31,494.33,3764000
2026-04-20,IWM,274.65,277.67,274.53,277.35,22993900
2026-04-20,QQQ,648.04,648.76,642.52,646.79,37138500
2026-04-20,SPY,708.78,709.91,706.14,708.72,43546800
2026-04-21,DIA,497.24,498.38,490.32,491.36,4322200
2026-04-21,IWM,278.18,279.79,273.76,274.51,32235200
2026-04-21,QQQ,648.41,650.2,642.21,644.33,39580500
2026-04-21,SPY,710.28,711.28,702.64,704.08,58941400
2026-04-22,DIA,495.32,496.14,493.23,494.76,4022400
2026-04-22,IWM,277.59,278.01,274.9,276.48,20274300
2026-04-22,QQQ,650.15,655.33,648.52,655.11,37368400
2026-04-22,SPY,709.15,711.45,708.22,711.21,42518500
2026-04-23,DIA,492.55,495.13,488.51,493.0,4077300
2026-04-23,IWM,276.73,277.87,271.95,275.52,32886600
2026-04-23,QQQ,653.55,656.92,645.52,651.42,40099800
2026-04-23,SPY,709.5,712.36,702.28,708.45,56174000
2026-04-24,DIA,493.05,493.49,490.77,492.21,3372300
2026-04-24,IWM,276.67,278.13,274.23,276.65,21568600
2026-04-24,QQQ,658.51,664.51,656.53,663.88,45563100
2026-04-24,SPY,710.75,714.47,709.01,713.94,45182000
2026-04-27,DIA,491.6,493.55,490.29,491.83,2132100
2026-04-27,IWM,276.82,278.24,276.25,277.14,23399400
2026-04-27,QQQ,663.4,664.43,660.69,664.23,32717000
2026-04-27,SPY,713.17,715.63,712.3,715.17,33135900
2026-04-28,DIA,493.46,493.82,490.77,491.42,3057100
2026-04-28,IWM,276.05,276.97,272.92,273.91,24139400
2026-04-28,QQQ,657.41,659.64,653.81,657.55,34147900
2026-04-28,SPY,711.82,712.88,709.25,711.69,43117400
2026-04-29,DIA,490.95,491.49,487.0,488.67,3322300
2026-04-29,IWM,273.92,274.38,270.36,272.08,29428900
2026-04-29,QQQ,658.63,661.72,656.59,661.57,31724900
2026-04-29,SPY,711.0,712.2,708.37,711.58,41859200
2026-04-30,DIA,490.98,497.58,490.39,496.65,5352300
2026-04-30,IWM,273.13,278.22,272.44,277.97,29220700
2026-04-30,QQQ,665.35,668.9,657.56,667.74,40622200
2026-04-30,SPY,714.63,719.79,710.45,718.66,67240900
2026-05-01,DIA,498.84,499.93,494.91,495.02,4402600
2026-05-01,IWM,278.66,279.81,276.57,279.28,28936700
2026-05-01,QQQ,669.16,675.97,668.8,674.15,39172600
2026-05-01,SPY,721.25,724.87,720.47,720.65,43049800
2026-05-04,DIA,493.5,494.33,489.0,489.56,3310400
2026-05-04,IWM,278.7,280.79,276.1,277.88,28632300
2026-05-04,QQQ,674.66,676.73,668.9,672.88,34542000
2026-05-04,SPY,720.07,722.12,714.99,718.01,51950600
2026-05-05,DIA,491.89,493.59,490.03,492.96,3386200
2026-05-05,IWM,280.13,282.95,280.0,282.56,24863200
2026-05-05,QQQ,677.96,682.77,677.51,681.61,37101100
2026-05-05,SPY,721.77,725.04,721.49,723.77,36933200
2026-05-06,DIA,496.98,500.08,496.9,499.05,4317300
2026-05-06,IWM,285.36,287.05,283.36,286.8,23330300
2026-05-06,QQQ,687.78,695.93,686.48,695.77,38778500
2026-05-06,SPY,728.16,734.59,727.82,733.83,53288900
2026-05-07,DIA,500.51,501.2,494.77,495.91,4490500
2026-05-07,IWM,287.53,287.58,281.15,282.26,28350400
2026-05-07,QQQ,696.58,701.24,691.77,694.94,43779100
2026-05-07,SPY,735.05,736.13,729.75,731.58,51724600
2026-05-08,DIA,498.48,498.55,494.93,496.13,3495200
2026-05-08,IWM,284.04,284.97,282.61,284.17,22474300
2026-05-08,QQQ,699.92,711.23,699.5,711.23,44320400
2026-05-08,SPY,734.93,738.08,734.57,737.62,47227100
2026-05-11,DIA,495.8,497.84,494.76,497.11,4249100
2026-05-11,IWM,284.92,287.05,284.59,285.33,20150400
2026-05-11,QQQ,710.36,714.59,708.91,713.29,36019100
2026-05-11,SPY,736.45,740.79,736.45,739.3,44024000
2026-05-12,DIA,496.51,498.41,493.19,497.89,7445700
2026-05-12,IWM,284.04,284.06,278.28,282.57,27404600
2026-05-12,QQQ,708.22,710.18,696.64,707.24,45873000
2026-05-12,SPY,736.89,738.84,731.83,738.18,54185300
2026-05-13,DIA,496.16,497.61,494.64,497.14,3256800
2026-05-13,IWM,282.92,283.56,279.93,282.67,20742300
2026-05-13,QQQ,709.96,716.65,704.83,714.71,40012500
2026-05-13,SPY,738.47,743.91,735.47,742.31,44200200
2026-05-14,DIA,501.39,502.16,498.85,500.8,4920500
2026-05-14,IWM,283.84,285.66,281.96,284.45,17428700
2026-05-14,QQQ,714.62,722.03,714.22,719.79,33327500
2026-05-14,SPY,743.65,749.53,743.56,748.17,45307600
2026-05-15,DIA,497.32,497.74,495.08,495.37,5300700
2026-05-15,IWM,280.3,280.33,277.24,277.6,35408000
2026-05-15,QQQ,710.14,715.13,705.55,708.93,51792700
2026-05-15,SPY,741.79,743.46,737.96,739.17,60410800
2026-05-18,DIA,495.65,497.64,493.6,497.01,5496200
2026-05-18,IWM,278.74,279.08,273.94,275.97,27243300
2026-05-18,QQQ,711.54,712.07,698.85,705.88,49834500
2026-05-18,SPY,739.83,741.42,733.39,738.65,47843900
2026-05-19,DIA,494.83,496.34,492.58,493.98,5361300
2026-05-19,IWM,273.81,275.08,270.63,273.0,30276900
2026-05-19,QQQ,699.81,706.49,695.25,701.53,46827500
2026-05-19,SPY,734.78,737.65,731.53,733.73,54255900
2026-05-20,DIA,495.87,500.93,492.49,500.24,6516100
2026-05-20,IWM,274.91,280.09,273.41,279.87,31562000
2026-05-20,QQQ,705.29,713.15,703.79,713.15,36779200
2026-05-20,SPY,735.71,741.87,733.89,741.25,45768000
2026-05-21,DIA,498.78,504.05,497.21,503.11,6576000
2026-05-21,IWM,278.66,283.68,277.15,282.49,31680500
2026-05-21,QQQ,708.99,717.12,706.77,714.51,36415400
2026-05-21,SPY,738.64,744.87,737.03,742.72,43332200
2026-05-22,DIA,507.01,508.74,505.69,506.12,5172200
2026-05-22,IWM,284.1,286.61,283.67,285.12,23849300
2026-05-22,QQQ,718.07,722.12,715.95,717.54,33118600
2026-05-22,SPY,746.24,748.94,744.48,745.64,41762000
2026-05-26,DIA,507.57,508.24,503.97,505.25,3897800
2026-05-26,IWM,288.39,290.55,287.74,290.51,24506500
2026-05-26,QQQ,725.96,731.17,724.16,730.28,34254700
2026-05-26,SPY,750.01,752.13,748.37,750.59,41123600
2026-05-27,DIA,505.93,508.7,505.81,506.88,4247800
2026-05-27,IWM,291.16,291.72,289.31,290.37,24519900
2026-05-27,QQQ,732.96,733.32,725.44,729.45,35148700
2026-05-27,SPY,750.88,751.38,748.22,750.46,42106300
2026-05-28,DIA,505.34,508.21,503.64,507.05,3709600
2026-05-28,IWM,289.64,292.74,287.98,292.03,23710600
2026-05-28,QQQ,729.73,736.6,726.41,735.6,32840000
2026-05-28,SPY,750.25,755.15,749.23,754.6,41562600
2026-05-29,DIA,507.9,511.31,507.2,510.78,5346700
2026-05-29,IWM,291.38,291.41,288.33,290.43,26952800
2026-05-29,QQQ,737.84,741.63,735.25,738.31,37541700
2026-05-29,SPY,755.9,758.08,754.69,756.48,55075700
2026-06-01,DIA,509.85,511.86,508.33,511.44,4424800
2026-06-01,IWM,288.37,290.61,286.27,288.98,23826100
2026-06-01,QQQ,737.04,745.65,735.99,742.74,33890600
2026-06-01,SPY,755.36,760.28,754.69,758.54,43634900
2026-06-02,DIA,509.08,514.49,508.93,514.05,5078000
2026-06-02,IWM,288.46,291.87,288.4,291.66,18378800
2026-06-02,QQQ,742.4,746.44,739.23,746.16,30085200
2026-06-02,SPY,757.03,760.4,756.75,759.57,31581900
2026-06-03,DIA,511.17,512.85,507.99,508.26,4098000
2026-06-03,IWM,289.99,290.01,286.78,287.67,29167300
2026-06-03,QQQ,747.31,748.65,741.01,744.21,40270200
2026-06-03,SPY,758.15,758.8,753.57,754.24,51402500
2026-06-04,DIA,513.69,517.58,512.68,516.7,6390700
2026-06-04,IWM,287.56,292.88,286.66,292.01,24307800
2026-06-04,QQQ,735.48,743.5,732.62,740.61,40782600
2026-06-04,SPY,752.1,758.31,751.47,757.09,49923000
2026-06-05,DIA,517.71,517.75,508.75,509.7,6610700
2026-06-05,IWM,289.1,289.4,280.15,281.65,35812800
2026-06-05,QQQ,730.06,731.69,704.32,705.06,99606600
2026-06-05,SPY,752.31,752.82,735.53,737.55,93989400
2026-06-08,DIA,510.77,513.76,508.32,508.91,4825700
2026-06-08,IWM,285.51,286.84,283.58,284.11,27277400
2026-06-08,QQQ,717.81,723.03,713.07,716.07,47401500
2026-06-08,SPY,743.36,745.34,738.19,739.22,49319100
2026-06-09,DIA,511.48,513.54,503.08,509.41,6249400
2026-06-09,IWM,287.18,290.87,277.62,285.02,41761300
2026-06-09,QQQ,722.98,725.66,686.37,707.83,91932200
2026-06-09,SPY,743.63,746.9,722.59,737.05,87683500
2026-06-10,DIA,507.49,508.74,500.1,500.25,5153400
2026-06-10,IWM,284.59,289.0,281.76,282.05,39285000
2026-06-10,QQQ,701.66,711.28,692.93,693.69,65334300
2026-06-10,SPY,733.39,738.38,725.33,725.43,60341300
2026-06-11,DIA,503.19,510.76,501.57,509.36,6353900
2026-06-11,IWM,284.44,291.06,284.07,290.41,41468800
2026-06-11,QQQ,699.29,718.37,695.0,717.12,71798900
2026-06-11,SPY,728.76,740.0,724.41,737.76,86330500
2026-06-12,DIA,512.89,515.3,509.48,513.06,8384500
2026-06-12,IWM,291.63,295.72,290.31,292.95,34415200
2026-06-12,QQQ,717.61,724.01,711.28,721.34,51168400
2026-06-12,SPY,740.71,744.44,735.03,741.75,57079500
2026-06-15,DIA,519.23,520.84,517.87,518.44,5379400
2026-06-15,IWM,296.56,297.91,293.92,294.64,23889000
2026-06-15,QQQ,738.1,744.76,737.38,744.0,46710200
2026-06-15,SPY,751.85,756.68,751.76,754.83,60176400
2026-06-16,DIA,520.32,523.3,520.06,521.44,4812600
2026-06-16,IWM,295.5,296.8,291.58,292.08,23807700
2026-06-16,QQQ,742.25,744.22,729.64,729.86,45348700
2026-06-16,SPY,754.55,755.44,749.88,750.33,67093100
2026-06-17,DIA,521.26,524.17,515.3,516.3,6563500
2026-06-17,IWM,292.47,295.82,288.93,289.88,39920100
2026-06-17,QQQ,735.19,735.68,720.85,722.51,51669300
2026-06-17,SPY,751.29,752.15,739.22,740.96,85945200
2026-06-18,DIA,518.43,519.52,515.43,515.52,7134400
2026-06-18,IWM,294.55,295.97,291.42,295.59,32463200
2026-06-18,QQQ,737.2,741.82,732.51,740.62,50154600
2026-06-18,SPY,747.76,748.23,743.86,746.74,80875700
2026-06-22,DIA,516.84,518.91,515.99,517.08,6552200
2026-06-22,IWM,297.13,299.49,296.16,298.18,22796200
2026-06-22,QQQ,742.02,745.45,734.39,737.95,43518600
2026-06-22,SPY,747.7,750.18,743.13,744.39,46628100
2026-06-23,DIA,514.68,518.72,512.97,516.62,5039200
2026-06-23,IWM,293.26,297.75,292.4,295.32,26821700
2026-06-23,QQQ,715.74,723.61,712.11,713.65,53354200
2026-06-23,SPY,733.81,739.63,732.3,733.58,66846800
2026-06-24,DIA,516.19,522.43,516.01,518.52,4395900
2026-06-24,IWM,295.88,299.69,294.69,296.69,28664900
2026-06-24,QQQ,715.37,719.93,704.45,710.62,52480400
2026-06-24,SPY,735.17,739.95,730.84,733.24,57439500
2026-06-25,DIA,521.19,526.57,518.55,519.26,5357500
2026-06-25,IWM,299.52,301.5,296.73,298.91,27599900
2026-06-25,QQQ,725.9,726.83,705.3,716.38,49668000
2026-06-25,SPY,738.91,739.37,729.6,734.3,53934400
2026-06-26,DIA,517.0,521.28,516.1,517.75,3823600
2026-06-26,IWM,296.6,300.03,295.73,299.83,39832500
2026-06-26,QQQ,707.13,715.56,702.81,706.52,47081800
2026-06-26,SPY,728.95,736.53,716.58,728.99,71034000
2026-06-29,DIA,520.63,522.98,519.4,521.68,5733400
2026-06-29,IWM,298.11,299.16,294.68,298.97,24834100
2026-06-29,QQQ,713.99,724.58,705.17,724.08,44939100
2026-06-29,SPY,736.53,741.56,732.09,741.0,58035200
2026-06-30,DIA,522.35,523.14,519.59,522.39,3607900
2026-06-30,IWM,298.56,300.98,297.44,300.45,23230300
2026-06-30,QQQ,724.18,737.62,723.91,736.4,42121800
2026-06-30,SPY,741.29,748.02,740.89,746.77,55626000
2026-07-01,DIA,521.43,526.72,519.62,522.4,3438400
2026-07-01,IWM,299.93,302.72,298.92,299.32,20607900
2026-07-01,QQQ,729.19,731.92,724.6,725.17,40803800
2026-07-01,SPY,745.0,749.44,742.38,745.76,47100900
2026-07-02,DIA,525.49,528.26,523.73,527.88,3518700
2026-07-02,IWM,300.54,302.23,294.98,297.58,21178900
2026-07-02,QQQ,725.58,730.83,707.56,712.6,50959800
2026-07-02,SPY,747.4,751.31,740.03,744.78,57447800
2026-07-06,DIA,528.72,530.09,525.85,530.09,3236900
2026-07-06,IWM,297.75,300.41,297.62,298.9,18581300
2026-07-06,QQQ,719.93,726.08,718.45,722.82,30220400
2026-07-06,SPY,748.74,752.41,747.41,751.28,50673300
2026-07-07,DIA,532.51,532.54,527.11,528.45,4489200
2026-07-07,IWM,299.17,299.97,295.18,296.19,18057100
2026-07-07,QQQ,714.17,716.35,704.9,709.43,42483100
2026-07-07,SPY,750.22,750.96,745.21,747.71,43721500
2026-07-08,DIA,523.34,524.46,520.03,522.77,3575000
2026-07-08,IWM,294.03,295.1,290.68,293.48,24078400
2026-07-08,QQQ,704.95,712.26,700.91,711.44,35603200
2026-07-08,SPY,743.16,746.15,739.51,745.4,43767400
2026-07-09,DIA,523.65,525.15,522.14,524.19,3056400
2026-07-09,IWM,295.27,297.88,294.9,297.24,16466800
2026-07-09,QQQ,718.33,724.23,715.13,723.28,33654700
2026-07-09,SPY,747.35,751.97,745.59,751.71,41441700
2026-07-10,DIA,525.64,526.47,521.74,525.78,3469400
2026-07-10,IWM,297.69,298.21,293.62,295.99,15888500
2026-07-10,QQQ,720.7,726.39,717.0,725.51,26415900
2026-07-10,SPY,752.05,755.42,748.1,754.95,42191300
2026-07-13,DIA,525.84,527.86,522.9,524.47,2723800
2026-07-13,IWM,295.06,295.78,292.6,293.48,19375500
2026-07-13,QQQ,717.72,718.74,710.08,711.74,36552400
2026-07-13,SPY,752.47,753.91,748.0,749.17,44013600
2026-07-14,DIA,523.32,526.72,522.56,524.69,3664000
2026-07-14,IWM,295.49,296.07,293.75,294.51,18326900
2026-07-14,QQQ,720.22,722.29,714.34,719.69,29448100
2026-07-14,SPY,750.91,753.34,748.66,751.83,35143100
2026-07-15,DIA,525.9,527.73,523.7,525.95,3246900
2026-07-15,IWM,295.25,297.14,294.15,295.77,18832700
2026-07-15,QQQ,723.85,724.36,710.23,717.74,32627600
2026-07-15,SPY,754.24,755.58,750.2,754.81,43844800
2026-07-16,DIA,526.81,527.93,523.07,524.83,3173300
2026-07-16,IWM,294.65,297.81,294.35,295.59,24081300
2026-07-16,QQQ,712.01,713.6,702.61,705.94,39402000
2026-07-16,SPY,752.76,754.57,747.88,750.72,46409800
2026-07-17,DIA,519.64,525.36,518.9,520.81,4736500
2026-07-17,IWM,292.03,296.13,291.64,294.04,28722900
2026-07-17,QQQ,691.65,702.3,686.76,695.33,53985400
2026-07-17,SPY,742.08,747.29,740.8,743.29,62569200
2026-07-20,DIA,522.04,523.4,517.16,517.94,2259018
2026-07-20,IWM,295.01,295.99,292.18,292.31,20451977
2026-07-20,QQQ,702.26,705.8,695.51,696.06,28995795
2026-07-20,SPY,747.06,748.73,741.51,742.09,49855561
2026-07-21,DIA,519.63,523.01,518.12,521.51,3055352
2026-07-21,IWM,293.43,296.75,292.68,296.54,17187245
2026-07-21,QQQ,706.57,710.05,702.8,708.97,32717281
2026-07-21,SPY,746.29,749.04,744.18,748.28,34324262
2026-07-22,DIA,521.9,523.4,520.1,522.19,3550000
2026-07-22,IWM,296.8,298.1,294.6,295.99,17200000
2026-07-22,QQQ,704.5,707.8,701.9,703.75,29100000
2026-07-22,SPY,747.5,749.4,745.1,746.78,52300000
2026-07-23,DIA,515.76,517.44,512.85,513.47,9609507
2026-07-23,IWM,290.57,293.01,289.94,292.12,31180624
2026-07-23,QQQ,694.67,698.66,687.79,691.96,44031205
2026-07-23,SPY,736.57,739.66,729.64,732.53,109608734
2026-07-24,DIA,517.31,520.45,516.28,518.32,2767342
2026-07-24,IWM,293.41,293.89,290.5,291.2,18940000
2026-07-24,QQQ,690.37,692.62,683.57,689.86,23340000
2026-07-24,SPY,738.51,743.71,737.35,737.6,29147971
2026-07-27,DIA,524.7,525.34,519.29,521.26,3107660
2026-07-27,IWM,293.98,295.52,291.11,292.91,19095352
2026-07-27,QQQ,691.68,692.3,675.95,682.23,41497216
2026-07-27,SPY,744.91,745.53,735.87,739.09,41460000
2026-07-28,DIA,521.5,522.74,518.73,521.26,2867069
2026-07-28,IWM,293.11,294.44,291.56,293.55,17481263
2026-07-28,QQQ,683.1,686.82,680.74,685.91,33762841
2026-07-28,SPY,739.82,742.68,736.94,741.48,33852107
2026-07-29,DIA,522.56,523.67,514.18,515.34,4778576
2026-07-29,IWM,292.91,293.77,289.64,291.17,23748316
2026-07-29,QQQ,684.12,686.1,673.56,675.88,50392417
2026-07-29,SPY,739.97,742.68,729.1,729.46,70697215
2026-07-30,DIA,515.5,518.03,513.41,517.76,3382541
2026-07-30,IWM,291.4,294.67,290.92,294.14,19567384
2026-07-30,QQQ,676.45,684.83,674.91,683.02,39684127
2026-07-30,SPY,730.42,738.18,728.96,737.81,48291563
2026-07-31,DIA,518.61,521.37,516.98,520.84,2948731
2026-07-31,IWM,294.32,296.18,293.41,295.76,18192463
2026-07-31,QQQ,683.74,687.29,681.85,685.64,31854782
2026-07-31,SPY,740.76,744.6,737.7,740.76,15280000
2026-08-03,DIA,520.91,522.84,518.46,521.67,3014876
2026-08-03,IWM,296.02,297.48,294.88,296.91,18754231
2026-08-03,QQQ,686.42,690.15,684.73,689.94,32186458
2026-08-03,SPY,741.38,745.21,739.92,744.68,46271835
2026-08-04,DIA,521.84,526.39,521.17,525.96,3481294
2026-08-04,IWM,297.12,299.84,296.77,299.21,19483572
2026-08-04,QQQ,690.28,697.41,689.92,696.88,34796154
2026-08-04,SPY,744.91,752.84,744.22,751.68,51428391
