Industry,Theme,Confidence,Last_Reviewed
Technology Services,Software,HIGH,2026-07-02
Computers - IT Services,Software,HIGH,2026-07-02
Wireless National,Telecom,HIGH,2026-07-02
Wireless Equipment,Telecom,HIGH,2026-07-02
Media Conglomerates,Media Distribution,HIGH,2026-07-02
Broadcast Radio and Television,Media Distribution,HIGH,2026-07-02
Consumer Products - Staples,Consumer Staples,HIGH,2026-07-02
Waste Removal Services,Infrastructure,HIGH,2026-07-02
Electronics - Miscellaneous Products,Semiconductor Equipment,MEDIUM,2026-07-02
Financial Transaction Services,Banking,HIGH,2026-07-02
Electronics - Miscellaneous Components,Semiconductors,HIGH,2026-07-02
Leisure and Recreation Services,Leisure and Entertainment,MEDIUM,2026-07-02