Ticker,Theme
CRDO,AI Infrastructure
NVDA,AI Accelerators
AMD,AI Compute
ARM,AI Compute
AVGO,AI Infrastructure
SMCI,AI Infrastructure
DELL,AI Servers
HPE,AI Servers
ANET,AI Networking
CSCO,AI Networking
EXTR,AI Networking
ALAB,AI Connectivity
APH,AI Connectivity
MPWR,AI Power Infrastructure
VRT,AI Power Infrastructure
ETN,AI Power Infrastructure
TTMI,Electronics Manufacturing
CLS,Electronics Manufacturing
AAOI,Optical Networking
MRVL,AI ASIC
LRCX,Semiconductor Equipment
AMAT,Semiconductor Equipment
KLAC,Semiconductor Equipment
MU,Memory
STX,Data Storage
WDC,Memory
GFS,Foundry
TSM,Foundry
UMC,Foundry
PDFS,Semiconductor Analytics
QCOM,Wireless Chips
ADI,Wireless Chips
MCHP,Semiconductors
ON,Semiconductors
NXPI,Semiconductors
LSCC,Semiconductors
ALGM,Semiconductors
SMTC,Semiconductors
FORM,Semiconductors
POWI,Semiconductors
RMBS,Semiconductors
AEHR,Semiconductor Equipment
UCTT,Semiconductor Equipment
AMKR,Semiconductor Equipment
ICHR,Semiconductor Equipment
TER,Semiconductor Testing
PANW,Cybersecurity
CRWD,Cybersecurity
ZS,Cybersecurity
FTNT,Cybersecurity
OKTA,Cybersecurity
S,Cybersecurity
CYBR,Cybersecurity
TENB,Cybersecurity
SNOW,Cloud Infrastructure
NET,Cloud Infrastructure
MDB,Data Infrastructure
DOCN,Cloud Infrastructure
DDOG,Cloud Infrastructure
NOW,Enterprise Cloud
CRM,Enterprise Cloud
HUBS,SaaS Platform
TWLO,Communications Cloud
ESTC,Data Infrastructure
GTLB,Developer Infrastructure
FROG,Developer Infrastructure
TEAM,Developer Infrastructure
APP,Mobile Adtech
TTD,Digital Advertising
RDDT,Social Media Platform
PINS,Social Media Platform
META,AI Platform
GOOG,AI Platform
SNAP,Social Media Platform
BE,Alternative Energy
FCEL,Fuel Cell Infrastructure
ENPH,Solar Infrastructure
SEDG,Solar Infrastructure
SMR,Nuclear Infrastructure
OKLO,Nuclear Infrastructure
RUN,Solar Infrastructure
ARRY,Solar Infrastructure
XOM,Integrated Energy
CVX,Integrated Energy
SHEL,Integrated Energy
BP,Integrated Energy
SLB,Oil Services
HAL,Oil Services
BKR,Oil Services
MUR,Exploration
OXY,Exploration
DVN,Exploration
OVV,Exploration
TSLA,Autonomous Driving AI
RKLB,Space Infrastructure
ACHR,Autonomous Mobility
JOBY,Autonomous Mobility
OUST,AI Sensors
KTOS,Defense Systems
AVAV,Defense Drone Systems
IRDM,Space Infrastructure
SATS,Space Infrastructure
COIN,Digital Assets Infrastructure
HOOD,Retail Trading Platform
SOFI,Digital Banking
NU,Digital Banking
PYPL,Digital Payments
SQ,Digital Payments
CELH,Consumer Momentum
ABNB,Travel Platform
UBER,Transportation Platform
DASH,Delivery Platform
SHOP,E Commerce Infrastructure
MELI,E Commerce Infrastructure
DUOL,Consumer Momentum
SPOT,Consumer Momentum
LITE,Optical Networking
CIEN,Optical Networking
SNDK,Memory
SIMO,Memory
COHR,Optical Networking
VIAV,Optical Networking
LWLG,Optical Networking
GLW,Optical Infrastructure
ONTO,Semiconductor Equipment
FLEX,Electronics Manufacturing
JBL,Electronics Manufacturing
AVT,Electronics Manufacturing
RIOT,Digital Assets Infrastructure
CIFR,Digital Assets Infrastructure
BTDR,Digital Assets Infrastructure
HUT,Digital Assets Infrastructure
MARA,Digital Assets Infrastructure
NKE,Footwear/Apparel
LULU,Footwear/Apparel
ONON,Footwear/Apparel
CROX,Footwear/Apparel
DECK,Footwear/Apparel
CAVA,Restaurants
CMG,Restaurants
WING,Restaurants
SBUX,Restaurants
COST,Discount Retail
WMT,Discount Retail
TJX,Discount Retail
KHC,Consumer Staples
KMB,Consumer Staples
STZ,Consumer Staples
BLDR,Building Materials
LEN,Homebuilders
KBH,Homebuilders
DHI,Homebuilders
PHM,Homebuilders
FIX,Infrastructure
PWR,Electrical Infrastructure
URI,Infrastructure
GEV,Electrical Infrastructure
PH,Industrial Automation
ROK,Industrial Automation
EMR,Industrial Automation
JCI,Industrial Automation
CHTR,Telecom Infrastructure
T,Telecom Infrastructure
VZ,Telecom Infrastructure
TMUS,Telecom Infrastructure
BAND,Communication Infrastructure
ATEX,Private Wireless Infrastructure
ACMR,Semiconductor Equipment
ASML,Semiconductor Equipment
ASX,Semiconductors
AXTI,Semiconductors
COHU,Semiconductor Testing
ENTG,Semiconductor Equipment
HIMX,Semiconductors
IFNNY,Semiconductors
INTC,AI Compute
KLIC,Semiconductor Equipment
MKSI,Semiconductor Equipment
MTSI,Semiconductors
MXL,Semiconductors
NVTS,Semiconductors
SKYT,Semiconductors
SYNA,Semiconductors
VSH,Semiconductors
AAON,AI Power Infrastructure
ASTS,Space Infrastructure
CORZ,Digital Assets Infrastructure
INOD,AI Infrastructure
NBIS,AI Infrastructure
NTAP,Data Infrastructure
PL,Space Infrastructure
POWL,Electrical Infrastructure
ATI,Aerospace & Defense
BWA,Autonomous Mobility
FCX,Copper Mining
FSLR,Solar Infrastructure
KGS,Integrated Energy
NVT,Electrical Infrastructure
STRL,Infrastructure
VIST,Integrated Energy
ALC,Medical Devices
COCO,Consumer Staples
ENSG,Healthcare Services
NTRA,Diagnostics
VIRT,Financial Services
ABX,Financial Services
LINC,Education
UTI,Education
GE,Aerospace & Defense
PLTR,AI Platform
MRX,Financial Services
VCTR,Asset Management
VG,LNG / Natural Gas Export Infrastructure
FA,Software
LQDA,Pharmaceuticals
DAVE,Digital Banking
PAYC,Software
QLYS,Cybersecurity
APPS,Mobile Adtech
CBZ,Professional Services
PGEN,Biotechnology
MGNI,Digital Advertising
BLZE,Software
FTK,Oilfield Chemicals & Data Analytics
GCT,E Commerce Infrastructure
CDNA,Diagnostics
ZETA,Digital Advertising
RNG,Communications Cloud
ETON,Pharmaceuticals
PRGS,Software
ADPT,Diagnostics
EFOR,IT Services
AMPL,Software
HNGE,Digital Health
AGEN,Biotechnology
BLFS,Life Sciences Tools
CRCT,Connected Consumer Devices
SEZL,Digital Payments
BFLY,Medical Devices
TWST,Life Sciences Tools
COMP,Real Estate Technology
ECPG,Specialty Finance / Debt Collection
CORT,Pharmaceuticals
MANH,Software
FSLY,Cloud Infrastructure
PCTY,Software
AIR,Aerospace & Defense
DCO,Aerospace & Defense
NEO,Diagnostics
PAYS,Digital Payments
BB,Cybersecurity
NUE,Steel Manufacturing
KNSA,Biotechnology
U,Software
XNCR,Biotechnology
TXG,Life Sciences Tools
FIVN,Communications Cloud
PAY,Digital Payments
ITGR,Medical Devices
MOG.A,Aerospace & Defense
PRCH,Insurance Technology
SEPN,Biotechnology
GH,Diagnostics
BAX,Medical Devices
PENG,Software
CRS,Specialty Alloys / Aerospace Materials
GENI,Sports Betting Data & Technology
DT,Software
AMTB,Banking
AGL,Healthcare Services
URGN,Pharma
PSNL,Diagnostics
PBF,Refining & Marketing
SAFT,Batteries
GSHD,Insurance
OII,Oil Services
AVTR,Life Sciences Tools
CLMT,Refining & Marketing
MRVI,Life Sciences Tools
NRIX,Biotech
TVTX,Biotech
BVS,Medical Devices
PTGX,Biotech
NEOG,Food Safety
CNMD,Medical Devices
DK,Refining & Marketing
AMRX,Pharma
SKWD,Insurance
WHD,Oil Services
DXCM,Medical Devices
HAE,Medical Devices
VLO,Refining & Marketing
THC,Healthcare Services
IBRX,Biotech
WKC,Energy Logistics & Fuel Distribution
DGX,Diagnostics
TRV,Insurance
MPC,Refining & Marketing
ALL,Insurance
GKOS,Medical Devices
ILMN,Diagnostics
DINO,Refining & Marketing
PSX,Refining & Marketing
ATRC,Medical Devices
VIK,Leisure and Entertainment
VVX,Healthcare Services
HALO,Biotech
PARR,Refining & Marketing
IQV,Healthcare Services
THG,Healthcare Services
EQNR,Integrated Energy
PACS,Healthcare Services
PGNY,Healthcare Services
VCEL,Biotech
CON,Healthcare Services
HUM,Healthcare Services
CDW,IT Services
RYAN,Insurance
NP,Specialty Materials & Paper
OSCR,Healthcare Services
SUN,Energy Infrastructure
CNA,Insurance
TGTX,Biotech
AVAH,Healthcare Services
INCY,Biotech
BTSG,Healthcare Services
SM,Exploration
ESTA,Medical Devices
KRYS,Biotech
VCYT,Diagnostics
ENOV,Medical Devices
DVA,Healthcare Services
CARE,Banking
RSI,Leisure and Entertainment
RPD,Cybersecurity
MUFG,Banking
WYFI,AI Infrastructure
ATEN,Cybersecurity
CEVA,Semiconductor IP
VPG,Semiconductors
TXN,Semiconductors
AMBQ,Semiconductors
TOELY,Semiconductor Equipment
PD,Software
STM,Semiconductors
EAT,Restaurants
SVCO,Semiconductors
VICR,Semiconductors
