Tuner_Source,Experiment,Name,Total Trades,Win Rate (%),Avg Return (%),Hypothesis,Leading Trades,Leading WR (%),Leading Avg (%),Neutral Trades,Neutral WR (%),Neutral Avg (%),Regression Time (s),RS_Formula,Theme_Formula,Composite,Gate,Time (s),Lagging Trades,Lagging WR (%),Lagging Avg (%),Trades
optimization_results,1,Baseline (Current Config),535.0,40.0,-1.02,Control group. Current production settings.,455.0,37.14,-2.7,80.0,56.25,8.56,113.2,,,,,,,,,
optimization_results,2,RS: 12W Dominant,494.0,39.68,-1.05,Does longer-term intermediate trend beat short-term breakout?,425.0,37.65,-2.36,69.0,52.17,7.0,115.5,,,,,,,,,
optimization_results,3,RS: YTD Comeback (15%),509.0,40.28,-1.64,Does adding back YTD drift catch better long-term winners?,431.0,38.28,-3.12,78.0,51.28,6.55,120.4,,,,,,,,,
optimization_results,4,RS: 52W High Proximity (15%),560.0,38.39,-2.19,Does nearness to 52-week high improve breakout quality?,462.0,37.01,-3.58,98.0,44.9,4.33,125.4,,,,,,,,,
optimization_results,5,RS: Weekly Pulse (30%),569.0,39.37,-1.41,Does amplifying weekly momentum catch fresher breakouts?,482.0,37.34,-2.94,87.0,50.57,7.09,123.7,,,,,,,,,
optimization_results,6,RS: Legacy Formula,448.0,37.95,-2.59,Does the original pre-optimization formula actually perform better?,378.0,35.98,-4.35,70.0,48.57,6.87,117.0,,,,,,,,,
optimization_results,7,RS: Hybrid (YTD + 52W),522.0,39.66,-1.98,Best of both: immediate breakout + structural strength.,444.0,37.84,-3.42,78.0,50.0,6.19,126.4,,,,,,,,,
optimization_results,8,Theme: Monthly Dominance (60%),476.0,40.34,-1.29,Does monthly ETF flow outperform weekly rotation detection?,329.0,35.56,-3.52,147.0,51.02,3.72,121.2,,,,,,,,,
optimization_results,9,Theme: Quarterly Anchor (45%),460.0,37.61,-1.39,Does longer-term capital flow produce more stable Leading sectors?,312.0,31.73,-4.86,148.0,50.0,5.91,141.8,,,,,,,,,
optimization_results,10,Theme: Pure Weekly Pulse (50%),550.0,38.91,-1.41,Does ultra-fast weekly rotation catch sector shifts earlier?,466.0,38.63,-2.17,84.0,40.48,2.81,120.0,,,,,,,,,
optimization_results,11,Theme: Legacy Drift Formula,337.0,37.39,-2.46,Does the original slow-moving theme formula actually outperform?,248.0,35.08,-4.21,89.0,43.82,2.4,112.4,,,,,,,,,
optimization_results,12,Theme: Balanced All-Period,377.0,37.93,-2.23,Does a balanced blend across all timeframes reduce whipsaw?,273.0,35.16,-3.74,104.0,45.19,1.75,116.0,,,,,,,,,
optimization_results,13,Theme: 6-Month Anchor,310.0,40.65,-1.58,Does 6-month institutional flow reveal true secular trends?,243.0,36.21,-3.7,67.0,56.72,6.12,132.1,,,,,,,,,
optimization_results,14,Composite: RS Heavy (60/20/12/8),574.0,39.2,-1.49,Does pure momentum domination maximize win rate?,463.0,36.72,-3.09,111.0,49.55,5.22,113.8,,,,,,,,,
optimization_results,15,Composite: Theme Heavy (40/35/15/10),448.0,40.85,-0.7,Does macro flow conviction beat individual stock momentum?,409.0,39.61,-1.51,39.0,53.85,7.78,93.2,,,,,,,,,
optimization_results,16,Composite: Fundamentals Heavy (40/20/25/15),585.0,39.15,-1.32,Does weighting Zacks/Growth heavily filter garbage breakouts?,473.0,37.42,-2.74,112.0,46.43,4.67,257.9,,,,,,,,,
optimization_results,17,Composite: Equal Split (40/30/15/15),490.0,40.2,-1.05,Does balanced weighting reduce concentration risk?,440.0,38.18,-2.23,50.0,58.0,9.26,124.0,,,,,,,,,
optimization_results,18,Composite: Pure Momentum (70/15/10/5),622.0,40.19,-1.31,Does extreme RS dominance crush everything else?,474.0,37.13,-3.18,148.0,50.0,4.68,178.5,,,,,,,,,
optimization_results,19,Threshold: Loose Gate (80/80),792.0,36.49,-2.08,Does a wider funnel catch more winners despite more noise?,580.0,34.83,-3.29,212.0,41.04,1.24,174.6,,,,,,,,,
optimization_results,20,Threshold: Medium Gate (85/80),677.0,37.96,-1.62,Does RS strictness with score flexibility find the sweet spot?,488.0,35.86,-3.27,189.0,43.39,2.64,156.4,,,,,,,,,
optimization_results,21,Threshold: Tight Gate (90/85),426.0,42.02,0.17,Does extreme RS filtration maximize precision?,344.0,38.08,-2.13,82.0,58.54,9.81,142.5,,,,,,,,,
optimization_results,22,Threshold: Ultra Tight (90/90),249.0,44.58,0.95,Does maximum exclusivity produce the highest win rate?,244.0,44.26,0.83,5.0,60.0,6.9,117.4,,,,,,,,,
optimization_results,23,Sector: Narrow Leading (20/20),536.0,39.93,-1.08,Does a narrow Leading bucket concentrate on truly elite sectors?,314.0,35.35,-2.52,222.0,46.4,0.95,150.8,,,,,,,,,
optimization_results,24,Sector: Wide Leading (40/40),531.0,39.74,-1.04,Does a wide Leading bucket catch more rotational opportunities?,492.0,37.4,-2.41,39.0,69.23,16.3,152.9,,,,,,,,,
optimization_results,25,Sector: Asymmetric (25/35),531.0,39.92,-1.01,Does a tight Leading + wide Lagging create earlier warnings?,408.0,38.48,-2.41,123.0,44.72,3.64,127.1,,,,,,,,,
optimization_results,26,Zacks: Steep Penalty,363.0,41.05,-0.73,Does harshly punishing Rank 3 turnarounds improve quality?,332.0,40.06,-1.01,31.0,51.61,2.26,125.0,,,,,,,,,
optimization_results,27,Zacks: Pure Binary,266.0,45.49,-0.5,Does treating Rank 1-2 as pass and everything else as fail work?,210.0,44.76,-1.21,56.0,48.21,2.15,129.0,,,,,,,,,
optimization_results,28,Zacks: Block Rank 3,535.0,40.0,-1.02,Does completely blocking Rank 3 turnarounds improve win rate?,455.0,37.14,-2.7,80.0,56.25,8.56,119.4,,,,,,,,,
optimization_results,29,Growth: Steep Fibonacci,387.0,40.57,-0.86,Does the classic Fibonacci penalty curve beat the flattened one?,363.0,38.84,-1.64,24.0,66.67,10.89,146.1,,,,,,,,,
optimization_results,30,Growth: Irrelevant (Weight = 0),494.0,40.49,-0.86,"Does Growth Score add any value at all, or is it pure noise?",430.0,38.6,-2.49,64.0,53.12,10.09,140.6,,,,,,,,,
optimization_results_phase2,1,Phase1 Winner: 90/85 Baseline,426.0,42.02,0.17,Phase 1 winner. All current settings + RS threshold raised to 90.,344.0,38.08,-2.13,82.0,58.54,9.81,134.0,Current,Current,0.5/0.25/0.15/0.1,90.0/85.0,,,,,
optimization_results_phase2,2,90/85 + RS: 12W Dominant,414.0,41.3,-0.63,Does 12W dominant RS work better at the tighter 90 gate?,339.0,39.53,-1.9,75.0,49.33,5.12,123.1,Modified,Current,0.5/0.25/0.15/0.1,90.0/85.0,,,,,
optimization_results_phase2,3,90/85 + RS: YTD Comeback,409.0,43.28,-0.5,Does YTD drift help at the 90 gate?,338.0,39.35,-2.72,71.0,61.97,10.09,117.4,Modified,Current,0.5/0.25/0.15/0.1,90.0/85.0,,,,,
optimization_results_phase2,4,90/85 + RS: Hybrid,429.0,41.49,-1.56,Does structural RS (YTD+52W) work at the 90 gate?,350.0,38.57,-3.7,79.0,54.43,7.92,116.3,Modified,Current,0.5/0.25/0.15/0.1,90.0/85.0,,,,,
optimization_results_phase2,5,90/85 + RS: Weekly Pulse,464.0,41.38,-0.39,Does amplified weekly catch faster at 90 gate?,378.0,38.36,-2.4,86.0,54.65,8.44,143.3,Modified,Current,0.5/0.25/0.15/0.1,90.0/85.0,,,,,
optimization_results_phase2,6,90/85 + Theme: Monthly Dominance,398.0,42.21,-0.45,Does monthly ETF weight work better at 90 gate?,253.0,35.97,-3.34,145.0,53.1,4.6,104.7,Current,Modified,0.5/0.25/0.15/0.1,90.0/85.0,,,,,
optimization_results_phase2,7,90/85 + Theme: Quarterly Anchor,382.0,39.79,-0.36,Does quarterly ETF weight work at 90 gate?,240.0,32.92,-4.3,142.0,51.41,6.31,110.1,Current,Modified,0.5/0.25/0.15/0.1,90.0/85.0,,,,,
optimization_results_phase2,8,90/85 + Theme: 6-Month Anchor,271.0,42.8,-1.01,Does 6M institutional flow work at 90 gate?,204.0,38.24,-3.36,67.0,56.72,6.12,94.2,Current,Modified,0.5/0.25/0.15/0.1,90.0/85.0,,,,,
optimization_results_phase2,9,90/85 + Theme: Balanced All-Period,319.0,40.13,-1.18,Does balanced theme scoring work at 90 gate?,220.0,37.27,-2.71,99.0,46.46,2.21,90.0,Current,Modified,0.5/0.25/0.15/0.1,90.0/85.0,,,,,
optimization_results_phase2,10,90/85 + Composite: Theme Heavy,364.0,43.13,0.4,Does Theme Heavy composite amplify the 90 gate edge?,327.0,41.59,-0.55,37.0,56.76,8.78,91.3,Current,Current,0.4/0.35/0.15/0.1,90.0/85.0,,,,,
optimization_results_phase2,11,90/85 + Composite: Equal Split,389.0,42.67,0.19,Does Equal Split composite balance the 90 gate?,337.0,40.06,-1.37,52.0,59.62,10.3,28985.1,Current,Current,0.4/0.3/0.15/0.15,90.0/85.0,,,,,
optimization_results_phase2,12,90/85 + Composite: RS Heavy,465.0,41.51,-0.23,Does pure RS heavy compound with the 90 gate?,356.0,37.92,-2.35,109.0,53.21,6.68,206.5,Current,Current,0.6/0.2/0.12/0.08,90.0/85.0,,,,,
optimization_results_phase2,13,90/85 + Zacks Steep + Growth Fibonacci,201.0,45.77,-0.1,Do both steep curves compound at the 90 gate?,193.0,45.6,-0.29,8.0,50.0,4.67,144.3,Current,Current,0.5/0.25/0.15/0.1,90.0/85.0,,,,,
optimization_results_phase2,14,90/85 + Zacks Binary,201.0,48.26,0.93,Does binary Zacks work at the 90 gate?,156.0,48.08,0.24,45.0,48.89,3.35,138.5,Current,Current,0.5/0.25/0.15/0.1,90.0/85.0,,,,,
optimization_results_phase2,15,90/85 + Growth Fibonacci Only,340.0,42.35,-0.17,Does steep Growth alone improve at the 90 gate?,316.0,40.51,-1.01,24.0,66.67,10.89,144.1,Current,Current,0.5/0.25/0.15/0.1,90.0/85.0,,,,,
optimization_results_phase2,16,MEGA COMBO A: 90/85 + Theme Heavy + Steep Zacks + Fib Growth,164.0,46.34,0.26,Stack ALL Phase 1 marginal winners on 90/85.,163.0,46.01,0.22,1.0,100.0,6.5,131.2,Current,Current,0.4/0.35/0.15/0.1,90.0/85.0,,,,,
optimization_results_phase2,17,MEGA COMBO B: 90/85 + Equal Split + Steep Zacks + Fib Growth,124.0,45.16,0.57,Equal composite + steep fundamentals on 90/85.,124.0,45.16,0.57,0.0,0.0,0.0,136.3,Current,Current,0.4/0.3/0.15/0.15,90.0/85.0,,,,,
optimization_results_phase2,18,MEGA COMBO C: 90/85 + Theme Heavy + 6M Anchor + Steep Zacks,106.0,41.51,-1.85,Theme Heavy composite + slow theme rotation on 90/85.,103.0,40.78,-2.23,3.0,66.67,11.08,133.7,Current,Modified,0.4/0.35/0.15/0.1,90.0/85.0,,,,,
optimization_results_phase2,19,MEGA COMBO D: 90/85 + 12W RS + Monthly Theme + Theme Heavy,296.0,41.55,-1.27,Slower RS + monthly theme + theme heavy composite.,222.0,38.29,-2.53,74.0,51.35,2.51,151.2,Modified,Modified,0.4/0.35/0.15/0.1,90.0/85.0,,,,,
optimization_results_phase2,20,MEGA COMBO E: 90/85 + Weekly RS + Current Theme + RS Heavy,506.0,41.5,-0.56,Fast RS + fast theme + RS heavy composite.,383.0,37.86,-2.92,123.0,52.85,6.78,159.8,Modified,Current,0.6/0.2/0.12/0.08,90.0/85.0,,,,,
optimization_results_phase2,21,Ultra 90/90 + Theme Heavy + Steep Fundamentals,32.0,50.0,-1.28,Does the 90/90 champ get even better with steep curves?,32.0,50.0,-1.28,0.0,0.0,0.0,129.3,Current,Current,0.4/0.35/0.15/0.1,90.0/90.0,,,,,
optimization_results_phase2,22,Ultra 90/90 + 6M Theme Anchor,104.0,39.42,-1.92,Does slow theme rotation help at ultra-tight gate?,104.0,39.42,-1.92,0.0,0.0,0.0,128.0,Current,Modified,0.5/0.25/0.15/0.1,90.0/90.0,,,,,
optimization_results_phase2,23,Ultra 90/90 + 12W RS + Quarterly Theme,168.0,39.88,-0.85,Slow RS + slow theme at ultra-tight gate.,155.0,38.06,-1.75,13.0,61.54,9.89,139.7,Modified,Modified,0.5/0.25/0.15/0.1,90.0/90.0,,,,,
optimization_results_phase2,24,Ultra 90/90 + Weekly RS + Monthly Theme + Equal Split,168.0,38.69,-2.45,Fast RS + monthly theme + balanced composite at ultra-tight.,164.0,38.41,-2.39,4.0,50.0,-4.66,132.1,Modified,Modified,0.4/0.3/0.15/0.15,90.0/90.0,,,,,
optimization_results_phase2,25,Ultra 90/90 + Zacks Binary + Growth Fibonacci,76.0,53.95,1.43,Maximum fundamental strictness at ultra-tight gate.,75.0,53.33,1.22,1.0,100.0,17.43,125.3,Current,Current,0.5/0.25/0.15/0.1,90.0/90.0,,,,,
optimization_results_phase3,1,90/85 + Binary Zacks + Fibonacci Growth,167.0,50.9,1.39,,142.0,52.11,1.24,25.0,44.0,2.28,,,,,,130.2,,,,
optimization_results_phase3,2,90/85 + Binary Zacks + Theme Heavy,167.0,50.3,1.13,,140.0,50.71,0.75,27.0,48.15,3.14,,,,,,134.1,,,,
optimization_results_phase3,3,90/85 + Binary Zacks + Theme Heavy + Fib Growth,130.0,53.08,2.44,,127.0,51.97,2.13,3.0,100.0,15.4,,,,,,133.7,,,,
optimization_results_phase3,4,90/85 + Binary Zacks + Equal Split,176.0,50.0,1.14,,143.0,51.05,1.0,33.0,45.45,1.73,,,,,,132.0,,,,
optimization_results_phase3,5,90/85 + Binary Zacks + Equal Split + Fib Growth,117.0,51.28,2.59,,114.0,50.88,2.36,3.0,66.67,11.32,,,,,,134.3,,,,
optimization_results_phase3,6,90/90 + Binary Zacks + Flat Growth,126.0,53.97,2.58,,120.0,52.5,2.37,6.0,83.33,6.87,,,,,,134.6,,,,
optimization_results_short,1,Short Phase 0: Baseline (10 RS / 20 Score),275.0,58.18,-0.06,,,,,,,,,,,,,138.8,275.0,58.18,-0.06,
optimization_results_short,2,Short Phase 1: Tight RS (5 RS / 20 Score),184.0,58.7,-1.28,,,,,,,,,,,,,138.0,184.0,58.7,-1.28,
optimization_results_short,3,Short Phase 2: Tight Score (10 RS / 15 Score),212.0,60.85,0.24,,,,,,,,,,,,,139.6,212.0,60.85,0.24,
optimization_results_short,4,Short Phase 3: Ultra Tight (5 RS / 10 Score),73.0,53.42,-0.2,,,,,,,,,,,,,139.2,73.0,53.42,-0.2,
optimization_results_short,5,Short Phase 4: Wide Gate (15 RS / 25 Score),423.0,59.81,1.0,,,,,,,,,,,,,138.0,423.0,59.81,1.0,
optimization_results_short,6,Short Phase 5: Block Rank 3 (10 RS / 20 Score),275.0,58.18,-0.06,,,,,,,,,,,,,160.9,275.0,58.18,-0.06,
optimization_results_short,7,Short Phase 6: Block 3 + Ultra Tight,73.0,53.42,-0.2,,,,,,,,,,,,,145.3,73.0,53.42,-0.2,
optimization_results_short_floor,No Floor (Current Wide Gate),,,59.81,1.0,,,,,,,,,,,,,,,,,423.0
optimization_results_short_floor,Floor RS > 2 (Skip bottom 2%),,,60.84,1.4,,,,,,,,,,,,,,,,,406.0
optimization_results_short_floor,Floor RS > 5 (Skip bottom 5%),,,62.83,2.22,,,,,,,,,,,,,,,,,382.0
optimization_results_short_floor,Floor RS > 8 (Skip bottom 8%),,,64.24,2.53,,,,,,,,,,,,,,,,,344.0
