Exp,Name,Trades,WR%,Avg%,Str.Trd,Str.WR%,Mil.Trd,Mil.WR%,Decay.Trd,Decay.WR%,Max_RS,Score,ZacksBlocked,MinVol,Themes,Time(s)
5,Sniper 4: Strict Score Ceiling,1211,73.25,5.11,827,72.79,383,74.15,1,100.0,75.0,45.0,"[1, 2]",1000000,4,103.3
8,Combo B: Strict Fundamentals,1211,73.25,5.11,827,72.79,383,74.15,1,100.0,75.0,45.0,"[1, 2, 3]",1000000,4,112.7
4,Sniper 3: Lower Tech Ceiling,1338,72.05,4.95,909,71.07,428,74.07,1,100.0,60.0,65.0,"[1, 2]",1000000,4,189.6
1,Baseline (Last Winner P1-F),1475,71.39,4.27,1035,70.24,439,74.03,1,100.0,75.0,65.0,"[1, 2]",1000000,4,154.7
2,Sniper 1: Block Zacks 3,1475,71.39,4.27,1035,70.24,439,74.03,1,100.0,75.0,65.0,"[1, 2, 3]",1000000,4,102.3
9,Combo C: The Absolute Chokehold,573,70.33,4.29,394,71.32,178,67.98,1,100.0,60.0,45.0,"[1, 2, 3]",2500000,4,105.1
6,Sniper 5: Exclude Neutral/Unknown,718,69.22,1.63,542,68.63,175,70.86,1,100.0,75.0,65.0,"[1, 2]",1000000,2,100.7
3,Sniper 2: Strict Volume Floor,738,68.83,3.7,526,68.63,211,69.19,1,100.0,75.0,65.0,"[1, 2]",2500000,4,104.0
7,Combo A: The Clean Cut,738,68.83,3.7,526,68.63,211,69.19,1,100.0,75.0,65.0,"[1, 2, 3]",2500000,4,255.8
