Ticker,Entry Date,Entry Px,Current Px,Return %,Win,Class,Best Score
MNST,2026-07-21,94.46,41.74,55.81,YES,Unknown,40.25
VISN,2026-07-22,12.08,5.94,50.83,YES,Neutral,24.75
REZI,2026-07-13,35.4,18.12,48.81,YES,Unknown,25.45
APH,2026-07-14,158.37,84.34,46.74,YES,Neutral,24.98
MTZ,2026-07-10,372.89,210.23,43.62,YES,Neutral,63.48
BROS,2026-07-13,66.46,38.1,42.67,YES,Unknown,24.8
PHAT,2026-07-27,11.95,7.36,38.41,YES,Neutral,28.39
RUN,2026-07-13,12.41,7.72,37.79,YES,Neutral,29.2
RSI,2026-07-23,31.32,19.66,37.23,YES,Lagging,58.98
OSS,2026-07-10,13.73,8.65,37.0,YES,Unknown,63.65
OLN,2026-07-22,24.24,15.43,36.34,YES,Unknown,44.8
KRMN,2026-08-24,51.37,32.86,36.03,YES,Lagging,14.44
BRBR,2026-07-14,12.1,7.75,35.95,YES,Unknown,5.8
METC,2026-08-25,12.92,8.38,35.14,YES,Neutral,23.37
KLAR,2026-07-28,18.62,12.36,33.62,YES,Neutral,20.19
HUN,2026-07-21,12.61,8.38,33.54,YES,Unknown,48.05
AEVA,2026-07-10,20.99,13.97,33.44,YES,Unknown,56.0
LMND,2026-07-15,66.05,44.6,32.48,YES,Neutral,20.06
WSC,2026-08-06,25.82,17.45,32.42,YES,Lagging,64.02
FLUT,2026-07-15,110.0,74.45,32.32,YES,Neutral,20.83
BLMN,2026-08-05,11.85,8.06,31.98,YES,Unknown,64.45
MGM,2026-07-17,46.13,31.52,31.67,YES,Neutral,43.55
YELP,2026-07-10,25.81,18.28,29.17,YES,Unknown,16.85
WHR,2026-08-07,43.28,30.67,29.14,YES,Unknown,7.75
PCG,2026-07-10,17.17,12.18,29.06,YES,Neutral,34.23
HGV,2026-07-10,50.42,35.78,29.04,YES,Unknown,36.35
ENPH,2026-07-10,44.83,31.83,29.0,YES,Neutral,53.16
PENN,2026-07-17,20.57,14.61,28.97,YES,Neutral,51.16
EIX,2026-07-10,75.2,53.56,28.78,YES,Neutral,45.66
FIS,2026-07-28,46.81,33.35,28.75,YES,Neutral,23.6
AAP,2026-08-03,55.68,39.73,28.65,YES,Unknown,53.25
CAVA,2026-08-14,74.42,53.14,28.59,YES,Unknown,39.6
SFD,2026-07-21,26.51,19.01,28.29,YES,Unknown,46.25
PSN,2026-07-16,57.88,41.55,28.21,YES,Neutral,31.9
RBLX,2026-07-15,57.07,41.18,27.84,YES,Neutral,16.08
BIRK,2026-07-10,45.48,33.04,27.35,YES,Neutral,27.75
IONS,2026-08-27,62.43,45.89,26.49,YES,Neutral,21.13
AMRZ,2026-08-06,51.22,37.71,26.38,YES,Lagging,32.76
VITL,2026-07-23,12.75,9.39,26.35,YES,Unknown,5.8
ALKT,2026-07-16,18.14,13.37,26.3,YES,Neutral,22.99
REAL,2026-07-30,11.91,8.79,26.2,YES,Unknown,3.35
UPBD,2026-07-10,21.16,15.62,26.18,YES,Unknown,50.0
SFM,2026-07-30,86.85,64.65,25.56,YES,Unknown,24.65
CLBT,2026-07-27,14.64,10.93,25.34,YES,Neutral,23.96
PRVA,2026-07-20,26.26,19.62,25.29,YES,Neutral,39.68
AS,2026-07-17,36.44,27.24,25.25,YES,Unknown,24.65
ENOV,2026-07-14,24.65,18.46,25.11,YES,Lagging,32.02
CHRW,2026-07-14,199.61,149.71,25.0,YES,Neutral,31.54
NCLH,2026-07-15,19.73,14.8,24.99,YES,Neutral,22.98
ALB,2026-08-21,143.25,107.62,24.87,YES,Unknown,25.3
PLNT,2026-08-21,54.2,40.74,24.83,YES,Neutral,12.57
SMPL,2026-07-10,12.77,9.61,24.75,YES,Unknown,7.75
KTOS,2026-08-21,57.17,43.05,24.7,YES,Lagging,9.7
SMG,2026-07-31,65.68,49.5,24.63,YES,Unknown,34.4
ZG,2026-08-05,36.89,28.01,24.07,YES,Unknown,7.1
ECVT,2026-07-23,12.89,9.8,23.97,YES,Unknown,32.55
GEN,2026-08-17,27.41,20.85,23.93,YES,Neutral,29.39
CHTR,2026-07-28,145.2,110.67,23.78,YES,Neutral,16.68
HAYW,2026-08-05,16.19,12.34,23.78,YES,Neutral,13.75
BKD,2026-08-06,14.36,10.98,23.54,YES,Neutral,58.18
IBM,2026-07-10,287.56,219.99,23.5,YES,Unknown,14.25
Z,2026-08-20,35.72,27.34,23.46,YES,Neutral,13.39
ONON,2026-07-10,38.54,29.55,23.33,YES,Neutral,17.16
VVV,2026-07-10,38.64,29.65,23.27,YES,Lagging,47.7
CSIQ,2026-07-10,15.02,11.55,23.1,YES,Neutral,19.13
ODFL,2026-07-23,230.71,177.46,23.08,YES,Neutral,50.2
ACI,2026-07-17,15.11,11.64,22.96,YES,Unknown,21.4
SLGN,2026-07-22,45.53,35.09,22.93,YES,Unknown,24.65
CALY,2026-07-21,18.36,14.16,22.88,YES,Unknown,48.4
CMI,2026-07-10,675.95,521.37,22.87,YES,Unknown,41.25
OCUL,2026-07-10,10.2,7.87,22.84,YES,Neutral,29.05
HLIT,2026-07-13,13.67,10.55,22.82,YES,Unknown,45.45
HAPN,2026-07-30,19.33,14.92,22.81,YES,Neutral,14.93
POOL,2026-07-10,210.44,162.52,22.77,YES,Unknown,23.35
AON,2026-07-10,356.94,275.9,22.7,YES,Neutral,28.7
TPR,2026-07-27,147.43,114.12,22.59,YES,Neutral,52.66
ROAD,2026-08-13,118.595,91.9,22.51,YES,Lagging,44.98
CX,2026-07-13,12.45,9.65,22.49,YES,Neutral,41.35
DKNG,2026-07-15,25.25,19.59,22.42,YES,Neutral,16.74
COMP,2026-07-28,11.61,9.01,22.39,YES,Unknown,28.9
FSLR,2026-07-10,227.83,176.93,22.34,YES,Neutral,23.88
UPST,2026-08-17,29.75,23.14,22.22,YES,Neutral,19.12
AROC,2026-07-10,38.53,29.99,22.16,YES,Lagging,64.61
SARO,2026-07-10,27.93,21.75,22.13,YES,Neutral,26.31
SHAK,2026-08-05,74.33,57.88,22.13,YES,Unknown,18.15
SRAD,2026-07-16,14.84,11.56,22.1,YES,Neutral,27.2
BBIO,2026-08-07,84.48,65.97,21.91,YES,Neutral,31.93
BCRX,2026-08-12,10.59,8.27,21.91,YES,Neutral,57.15
FBIN,2026-07-28,49.12,38.41,21.8,YES,Lagging,18.65
PRM,2026-07-10,34.32,26.92,21.56,YES,Unknown,39.6
GIL,2026-07-20,54.54,42.79,21.54,YES,Neutral,19.75
NPKI,2026-07-14,14.51,11.4,21.43,YES,Neutral,57.13
XRAY,2026-09-03,11.43,8.98,21.43,YES,Neutral,28.13
CRI,2026-08-04,39.8,31.28,21.41,YES,Neutral,43.25
PTRN,2026-08-24,21.48,16.89,21.37,YES,Neutral,59.52
BBWI,2026-07-10,20.33,15.99,21.35,YES,Unknown,18.15
FOUR,2026-08-19,47.13,37.08,21.32,YES,Neutral,16.37
WYNN,2026-07-31,99.31,78.23,21.23,YES,Neutral,20.37
PINS,2026-07-27,23.5,18.54,21.11,YES,Lagging,27.27
LHX,2026-07-23,299.67,236.47,21.09,YES,Neutral,42.08
MIAX,2026-09-09,42.89,33.87,21.03,YES,Neutral,30.46
TEX,2026-07-10,67.47,53.37,20.9,YES,Lagging,40.6
JBHT,2026-07-24,288.3,229.28,20.47,YES,Neutral,51.5
KC,2026-08-20,11.42,9.09,20.4,YES,Neutral,36.7
EYE,2026-07-15,20.57,16.38,20.37,YES,Unknown,4.65
ACAD,2026-07-27,25.39,20.22,20.36,YES,Neutral,30.46
LPTH,2026-08-10,12.57,10.02,20.29,YES,Lagging,44.8
FMC,2026-09-11,11.4,9.09,20.26,YES,Unknown,25.5
CARR,2026-07-10,69.34,55.38,20.13,YES,Neutral,52.73
INTU,2026-08-17,335.6,268.03,20.13,YES,Neutral,11.19
JBS,2026-07-28,14.23,11.37,20.1,YES,Unknown,20.75
DEI,2026-07-10,12.01,9.6,20.07,YES,Neutral,40.03
NMRK,2026-07-17,15.6,12.47,20.06,YES,Neutral,14.27
WY,2026-07-28,24.45,19.55,20.04,YES,Lagging,28.48
ACM,2026-07-28,73.57,58.85,20.01,YES,Lagging,23.53
LULU,2026-08-21,121.07,96.87,19.99,YES,Lagging,9.93
RKT,2026-07-15,14.6,11.69,19.93,YES,Unknown,10.35
COO,2026-07-10,70.7,56.63,19.9,YES,Neutral,26.45
LION,2026-07-15,13.96,11.19,19.84,YES,Neutral,58.57
NYT,2026-07-28,77.69,62.32,19.78,YES,Unknown,31.3
RDDT,2026-07-17,181.18,145.36,19.77,YES,Neutral,15.51
PRMB,2026-07-10,23.99,19.25,19.76,YES,Unknown,45.6
HRL,2026-07-10,24.73,19.85,19.73,YES,Unknown,28.05
WERN,2026-07-24,42.42,34.05,19.73,YES,Neutral,57.26
TTD,2026-09-15,15.0,12.05,19.67,YES,Neutral,19.83
HSAI,2026-08-10,19.3,15.52,19.59,YES,Unknown,15.55
PFGC,2026-08-03,114.36,91.99,19.56,YES,Unknown,41.7
AMTM,2026-07-24,22.55,18.15,19.51,YES,Neutral,16.75
SGHC,2026-07-24,14.36,11.6,19.22,YES,Lagging,50.03
PODD,2026-07-17,164.06,132.84,19.03,YES,Neutral,9.87
ARR,2026-07-15,17.3,14.01,19.02,YES,Neutral,27.31
VOYG,2026-08-20,37.92,30.74,18.93,YES,Neutral,49.37
VIK,2026-07-17,97.04,78.71,18.89,YES,Neutral,57.2
CRDO,2026-07-13,236.88,192.35,18.8,YES,Neutral,57.42
LEVI,2026-07-10,24.31,19.75,18.76,YES,Neutral,40.75
BILI,2026-07-21,18.25,14.84,18.68,YES,Neutral,21.03
DTE,2026-07-10,150.27,122.39,18.55,YES,Neutral,49.68
FISV,2026-07-28,55.63,45.36,18.46,YES,Neutral,25.03
ZTO,2026-07-14,24.03,19.6,18.44,YES,Neutral,34.68
VIV,2026-07-17,13.95,11.38,18.42,YES,Lagging,34.86
NRG,2026-09-04,119.02,97.17,18.36,YES,Lagging,14.44
STNE,2026-07-22,11.36,9.28,18.31,YES,Neutral,21.21
BEP,2026-08-11,34.23,28.0,18.2,YES,Lagging,46.93
MNRO,2026-07-10,16.81,13.76,18.14,YES,Unknown,19.0
EFX,2026-07-15,171.61,140.83,17.94,YES,Unknown,13.6
VMC,2026-07-10,295.25,242.75,17.78,YES,Neutral,30.83
VRSK,2026-07-16,201.49,165.94,17.64,YES,Neutral,20.3
FND,2026-07-10,57.13,47.07,17.61,YES,Unknown,13.75
UPS,2026-07-14,113.67,93.93,17.37,YES,Neutral,33.29
DRS,2026-07-20,44.41,36.73,17.29,YES,Lagging,61.12
LINE,2026-07-31,42.37,35.07,17.23,YES,Neutral,55.75
XPO,2026-07-23,214.16,177.37,17.18,YES,Neutral,64.03
TAC,2026-07-10,14.22,11.79,17.09,YES,Neutral,29.03
FIG,2026-08-17,24.99,20.72,17.09,YES,Neutral,16.64
ALLY,2026-07-10,45.59,37.81,17.07,YES,Unknown,22.7
SRE,2026-07-10,94.2,78.18,17.01,YES,Lagging,39.26
FNF,2026-07-10,49.53,41.16,16.9,YES,Neutral,38.71
TTWO,2026-07-15,243.8,202.78,16.83,YES,Neutral,25.26
GLPI,2026-07-28,46.01,38.27,16.82,YES,Neutral,39.76
NBIX,2026-08-03,166.23,138.35,16.77,YES,Neutral,43.43
GTX,2026-07-23,31.52,26.24,16.75,YES,Unknown,64.3
MWA,2026-08-03,25.79,21.47,16.75,YES,Lagging,28.58
XYL,2026-07-10,121.22,100.93,16.74,YES,Neutral,19.77
LAZ,2026-09-02,42.95,35.8,16.65,YES,Neutral,35.73
NTST,2026-07-10,21.5,17.93,16.6,YES,Neutral,48.0
CVS,2026-08-04,104.42,87.1,16.59,YES,Neutral,49.97
SQM,2026-08-25,79.21,66.08,16.58,YES,Unknown,50.0
AMX,2026-07-20,26.1,21.78,16.55,YES,Unknown,39.75
STZ,2026-08-25,135.01,112.77,16.47,YES,Unknown,24.0
CSGP,2026-08-20,32.26,26.95,16.46,YES,Neutral,13.17
PEG,2026-07-13,80.89,67.68,16.33,YES,Neutral,39.88
EPRT,2026-07-13,31.38,26.27,16.28,YES,Neutral,33.16
CMS,2026-07-13,75.75,63.45,16.24,YES,Neutral,43.78
PAYX,2026-08-17,118.54,99.31,16.22,YES,Neutral,39.56
HD,2026-07-10,343.3,288.04,16.1,YES,Unknown,22.05
CECO,2026-08-17,84.15,70.6,16.1,YES,Unknown,53.9
DOW,2026-08-20,32.9,27.61,16.08,YES,Unknown,41.75
NVO,2026-08-28,45.61,38.31,16.01,YES,Neutral,24.38
CLX,2026-07-15,96.95,81.6,15.83,YES,Unknown,28.05
KBH,2026-07-10,56.32,47.42,15.8,YES,Neutral,36.05
LNT,2026-07-10,76.4,64.34,15.79,YES,Neutral,50.63
YUM,2026-07-10,163.54,137.73,15.78,YES,Unknown,32.6
POR,2026-07-10,52.78,44.49,15.71,YES,Neutral,44.54
BA,2026-07-10,222.28,187.68,15.57,YES,Neutral,27.67
JEF,2026-07-28,55.1,46.52,15.57,YES,Neutral,20.35
SYK,2026-07-10,329.78,278.77,15.47,YES,Neutral,27.77
OC,2026-07-22,139.86,118.36,15.37,YES,Neutral,60.13
ENB,2026-07-13,55.07,46.65,15.29,YES,Neutral,36.43
OUT,2026-07-10,33.04,27.99,15.28,YES,Neutral,61.6
VERX,2026-07-16,13.16,11.15,15.27,YES,Neutral,18.59
GXO,2026-07-20,52.8,44.76,15.23,YES,Neutral,23.94
CNP,2026-07-10,43.54,36.94,15.16,YES,Neutral,43.39
VELO,2026-08-05,12.73,10.8,15.16,YES,Unknown,28.55
TXT,2026-07-17,91.48,77.63,15.14,YES,Lagging,38.73
AGNC,2026-07-10,11.13,9.45,15.09,YES,Neutral,26.52
CWK,2026-07-15,13.83,11.75,15.04,YES,Neutral,12.67
WDC,2026-07-30,533.04,453.48,14.93,YES,Lagging,60.67
SF,2026-07-28,81.92,69.7,14.92,YES,Neutral,26.48
CPNG,2026-08-20,16.26,13.85,14.82,YES,Neutral,20.14
ALK,2026-07-14,46.87,39.93,14.81,YES,Neutral,23.96
FCEL,2026-08-10,19.83,16.9,14.78,YES,Lagging,63.03
HWM,2026-07-10,270.85,230.94,14.74,YES,Neutral,35.75
TRU,2026-07-22,75.4,64.29,14.73,YES,Neutral,29.89
KNX,2026-07-14,75.22,64.19,14.66,YES,Neutral,52.53
ES,2026-07-10,74.82,63.9,14.6,YES,Neutral,35.86
UDR,2026-07-10,39.73,33.95,14.55,YES,Neutral,31.41
FWRG,2026-07-14,12.14,10.38,14.5,YES,Unknown,12.95
LOW,2026-08-10,218.88,187.26,14.45,YES,Unknown,19.45
TJX,2026-07-27,156.38,133.8,14.44,YES,Unknown,17.0
KVYO,2026-07-16,17.82,15.25,14.42,YES,Neutral,14.69
RIVN,2026-07-10,17.48,14.97,14.36,YES,Unknown,13.6
PTCT,2026-07-27,75.8,64.96,14.3,YES,Neutral,39.44
VIRT,2026-09-02,62.69,53.75,14.26,YES,Neutral,60.14
CVNA,2026-08-10,74.16,63.62,14.21,YES,Neutral,22.72
NEE,2026-07-13,88.38,75.89,14.13,YES,Neutral,32.32
O,2026-07-13,64.17,55.14,14.07,YES,Neutral,36.97
CHDN,2026-08-11,88.625,76.16,14.06,YES,Neutral,20.8
VNO,2026-07-31,39.39,33.89,13.96,YES,Neutral,37.11
CHWY,2026-07-15,21.21,18.26,13.91,YES,Neutral,18.43
FDX,2026-08-25,333.71,287.47,13.86,YES,Lagging,37.21
DUOT,2026-08-20,10.41,8.97,13.83,YES,Neutral,28.1
RYAAY,2026-07-14,64.29,55.49,13.69,YES,Neutral,45.13
IVT,2026-07-10,35.36,30.53,13.66,YES,Neutral,57.43
PNW,2026-07-10,108.12,93.4,13.61,YES,Neutral,51.04
PRCT,2026-08-26,21.07,18.22,13.53,YES,Neutral,24.91
BNL,2026-07-10,21.83,18.88,13.51,YES,Neutral,38.46
TRP,2026-07-10,67.33,58.26,13.47,YES,Lagging,51.61
D,2026-07-10,70.08,60.64,13.47,YES,Neutral,40.12
RDW,2026-08-19,12.4,10.73,13.47,YES,Neutral,51.8
RDN,2026-07-10,37.84,32.75,13.45,YES,Neutral,39.33
SOFI,2026-08-07,18.38,15.91,13.44,YES,Neutral,14.13
UCTT,2026-08-13,92.91,80.46,13.4,YES,Lagging,61.32
RYN,2026-07-13,21.45,18.58,13.38,YES,Neutral,24.96
SVV,2026-08-26,10.84,9.39,13.38,YES,Neutral,31.32
ETR,2026-07-10,115.05,99.76,13.29,YES,Neutral,40.25
HR,2026-07-10,20.69,17.94,13.29,YES,Neutral,37.45
ETSY,2026-08-14,79.9,69.28,13.29,YES,Neutral,45.68
UE,2026-07-13,22.81,19.78,13.28,YES,Neutral,61.33
ORCL,2026-09-04,158.78,137.79,13.22,YES,Neutral,15.27
ADC,2026-07-10,77.95,67.65,13.21,YES,Neutral,27.05
MTB,2026-08-07,250.45,217.5,13.16,YES,Neutral,39.6
EXC,2026-07-10,46.8,40.65,13.14,YES,Neutral,38.84
TMUS,2026-07-15,187.62,162.98,13.13,YES,Neutral,20.96
RF,2026-07-28,30.94,26.89,13.09,YES,Neutral,35.58
FA,2026-08-17,20.3,17.65,13.05,YES,Neutral,48.44
WPC,2026-07-17,75.86,65.98,13.02,YES,Neutral,32.66
YETI,2026-07-10,48.91,42.55,13.0,YES,Unknown,26.8
VIPS,2026-07-15,14.23,12.38,13.0,YES,Unknown,14.9
HBAN,2026-08-07,17.55,15.27,12.99,YES,Neutral,27.49
BL,2026-07-16,30.28,26.37,12.91,YES,Neutral,22.41
GRPN,2026-08-10,22.95,19.99,12.9,YES,Neutral,59.38
KMPR,2026-07-10,29.43,25.66,12.81,YES,Neutral,38.44
LPX,2026-07-14,75.41,65.76,12.8,YES,Neutral,41.98
OCFC,2026-07-10,19.11,16.67,12.77,YES,Unknown,27.9
SO,2026-07-10,95.61,83.45,12.72,YES,Neutral,37.48
GLOB,2026-09-02,38.88,33.94,12.71,YES,Neutral,19.16
KRG,2026-07-10,28.28,24.7,12.66,YES,Neutral,40.55
NXPI,2026-07-16,270.66,236.47,12.63,YES,Neutral,51.01
CARG,2026-07-15,35.66,31.16,12.62,YES,Neutral,40.29
HIMS,2026-07-17,32.84,28.7,12.61,YES,Neutral,27.77
KGC,2026-09-16,27.82,24.32,12.58,YES,Neutral,37.6
SUI,2026-07-28,127.94,111.89,12.54,YES,Neutral,29.2
CG,2026-07-30,45.36,39.68,12.52,YES,Neutral,18.68
CUZ,2026-07-31,31.55,27.61,12.49,YES,Neutral,29.53
OSW,2026-07-15,26.45,23.15,12.48,YES,Neutral,62.42
REYN,2026-07-23,25.21,22.07,12.46,YES,Unknown,27.9
SBAC,2026-08-26,185.98,162.81,12.46,YES,Lagging,28.81
CNX,2026-08-04,35.65,31.21,12.45,YES,Neutral,27.78
SEDG,2026-09-17,36.0,31.52,12.44,YES,Lagging,51.3
MDU,2026-07-13,21.32,18.68,12.38,YES,Lagging,40.86
NOMD,2026-08-07,11.99,10.51,12.34,YES,Unknown,17.5
GPK,2026-07-15,10.5,9.21,12.29,YES,Unknown,11.65
GPRE,2026-07-15,16.77,14.71,12.28,YES,Unknown,47.75
HSY,2026-07-28,183.91,161.41,12.23,YES,Unknown,15.25
ATO,2026-07-13,179.5,157.6,12.2,YES,Lagging,42.17
MAS,2026-07-10,77.84,68.37,12.17,YES,Neutral,37.66
XEL,2026-07-13,80.48,70.69,12.16,YES,Neutral,35.43
TKR,2026-08-14,133.5,117.26,12.16,YES,Lagging,59.6
IP,2026-07-10,37.93,33.32,12.15,YES,Unknown,22.7
F,2026-07-10,14.0,12.3,12.14,YES,Unknown,18.5
TROW,2026-07-28,118.87,104.51,12.08,YES,Neutral,32.63
CMCSA,2026-08-03,24.56,21.6,12.05,YES,Unknown,14.9
SKT,2026-07-10,39.63,34.86,12.04,YES,Neutral,48.98
NU,2026-07-28,14.04,12.35,12.04,YES,Neutral,12.33
TAP,2026-07-17,40.93,36.01,12.02,YES,Unknown,18.8
HUBS,2026-07-16,224.57,197.67,11.98,YES,Neutral,7.23
CPRT,2026-07-28,30.82,27.14,11.94,YES,Unknown,16.2
AEP,2026-07-10,135.43,119.3,11.91,YES,Neutral,37.87
PAX,2026-08-17,11.42,10.06,11.91,YES,Neutral,12.83
BX,2026-07-28,129.4,114.0,11.9,YES,Neutral,21.68
KRC,2026-07-10,38.4,33.84,11.87,YES,Neutral,27.96
DLTR,2026-08-20,128.45,113.3,11.79,YES,Unknown,18.5
PGNY,2026-08-07,28.1,24.79,11.78,YES,Neutral,31.02
CTOS,2026-07-15,10.45,9.22,11.77,YES,Unknown,48.4
CRK,2026-08-25,14.17,12.51,11.71,YES,Neutral,23.37
ELAN,2026-08-04,25.6,22.61,11.68,YES,Neutral,38.35
NNN,2026-07-10,46.77,41.34,11.61,YES,Neutral,42.5
GDS,2026-08-17,35.38,31.28,11.59,YES,Neutral,32.89
LBTYA,2026-09-11,10.47,9.26,11.56,YES,Lagging,36.08
CNXC,2026-08-27,28.13,24.88,11.55,YES,Unknown,11.75
LUV,2026-07-14,47.56,42.08,11.52,YES,Neutral,34.43
EZPW,2026-07-10,34.07,30.16,11.48,YES,Unknown,57.15
WEC,2026-07-13,115.87,102.58,11.47,YES,Neutral,51.08
VRT,2026-09-04,280.53,248.34,11.47,YES,Lagging,58.07
BIP,2026-08-03,40.08,35.49,11.45,YES,Neutral,31.01
CELH,2026-09-02,31.29,27.71,11.44,YES,Neutral,28.4
MAA,2026-07-20,133.71,118.43,11.43,YES,Neutral,26.64
IRT,2026-07-10,16.74,14.83,11.41,YES,Neutral,22.23
GD,2026-07-10,375.06,332.34,11.39,YES,Neutral,31.72
VST,2026-07-10,158.86,140.83,11.35,YES,Lagging,24.18
RCI,2026-07-28,34.82,30.87,11.34,YES,Lagging,23.2
CCI,2026-09-11,75.62,67.07,11.31,YES,Lagging,15.73
WM,2026-07-10,233.33,207.09,11.25,YES,Neutral,29.07
CAT,2026-07-13,931.47,826.64,11.25,YES,Lagging,49.92
AEE,2026-07-10,112.94,100.25,11.24,YES,Neutral,36.73
SON,2026-07-10,55.89,49.61,11.24,YES,Unknown,37.8
TFC,2026-07-28,52.31,46.44,11.22,YES,Neutral,31.32
BRX,2026-07-13,31.37,27.86,11.19,YES,Neutral,43.95
BKNG,2026-07-15,182.8,162.34,11.19,YES,Neutral,25.46
SIRI,2026-09-04,28.99,25.76,11.14,YES,Neutral,62.73
NLY,2026-07-10,22.86,20.32,11.11,YES,Neutral,20.82
UBER,2026-08-10,78.03,69.36,11.11,YES,Lagging,22.87
CDNS,2026-07-16,364.65,324.17,11.1,YES,Neutral,48.8
TCEHY,2026-07-16,61.27,54.51,11.03,YES,Neutral,17.7
NVST,2026-07-13,26.22,23.33,11.02,YES,Neutral,34.33
KEY,2026-07-30,22.61,20.12,11.01,YES,Neutral,34.72
TSLA,2026-07-14,396.18,352.84,10.94,YES,Neutral,18.13
FTV,2026-07-10,62.2,55.41,10.92,YES,Unknown,25.45
VLY,2026-07-28,14.28,12.72,10.92,YES,Neutral,50.17
MOH,2026-08-14,212.43,189.38,10.85,YES,Neutral,46.95
AUB,2026-07-28,42.62,38.0,10.84,YES,Neutral,40.34
RYAN,2026-08-10,42.45,37.85,10.84,YES,Neutral,21.05
PNC,2026-07-28,248.49,221.65,10.8,YES,Neutral,34.08
RELY,2026-09-09,24.07,21.47,10.8,YES,Neutral,57.33
EQT,2026-08-26,54.79,48.88,10.79,YES,Neutral,40.68
RCL,2026-07-15,292.17,260.67,10.78,YES,Neutral,29.09
SYM,2026-08-05,46.52,41.51,10.77,YES,Neutral,14.77
DAN,2026-09-02,30.67,27.37,10.76,YES,Unknown,41.65
MGY,2026-08-25,26.44,23.6,10.74,YES,Neutral,52.88
CCJ,2026-08-10,97.31,86.88,10.72,YES,Lagging,31.67
HASI,2026-09-02,39.83,35.56,10.72,YES,Neutral,47.65
KIM,2026-07-13,25.11,22.42,10.71,YES,Neutral,41.42
PNFP,2026-07-28,104.74,93.52,10.71,YES,Neutral,31.97
LIN,2026-07-10,529.79,473.37,10.65,YES,Unknown,37.65
PPC,2026-09-03,30.51,27.27,10.62,YES,Unknown,24.2
GS,2026-07-30,1024.86,916.24,10.6,YES,Neutral,33.12
OTIS,2026-07-28,73.36,65.63,10.54,YES,Lagging,15.56
SNDR,2026-07-31,35.74,31.98,10.52,YES,Neutral,50.85
RITM,2026-08-07,10.19,9.12,10.5,YES,Neutral,26.92
BABA,2026-07-20,120.34,107.74,10.47,YES,Neutral,19.07
ARLO,2026-07-27,13.88,12.43,10.45,YES,Neutral,30.72
FUBO,2026-08-14,10.15,9.09,10.44,YES,Neutral,10.4
BRO,2026-07-10,67.66,60.6,10.43,YES,Neutral,23.33
CFG,2026-07-28,71.31,63.89,10.41,YES,Neutral,35.08
OZK,2026-07-28,51.55,46.2,10.38,YES,Neutral,42.14
FHN,2026-07-28,25.77,23.1,10.36,YES,Neutral,33.28
EFC,2026-07-10,13.58,12.18,10.31,YES,Neutral,18.52
PCAR,2026-07-10,124.57,111.8,10.25,YES,Unknown,30.0
INVH,2026-07-10,29.6,26.57,10.24,YES,Neutral,29.61
AKR,2026-07-15,21.39,19.2,10.24,YES,Neutral,36.35
OPLN,2026-07-20,38.54,34.61,10.2,YES,Unknown,42.85
JD,2026-07-15,29.28,26.3,10.18,YES,Neutral,33.33
KMB,2026-07-13,110.18,98.99,10.16,YES,Unknown,29.85
AAL,2026-07-20,15.14,13.61,10.11,YES,Neutral,25.98
HRB,2026-09-09,45.14,40.58,10.1,YES,Unknown,20.9
PECO,2026-07-10,41.87,37.65,10.08,YES,Neutral,43.93
NFLX,2026-08-14,78.16,70.3,10.06,YES,Neutral,21.45
GE,2026-07-13,353.42,317.89,10.05,YES,Lagging,36.34
CNM,2026-08-10,46.3,41.66,10.02,YES,Lagging,18.68
BAC,2026-07-28,61.07,54.96,10.0,YES,Neutral,35.88
SBUX,2026-07-10,106.01,95.43,9.98,YES,Unknown,42.2
DUK,2026-07-13,126.86,114.21,9.97,YES,Neutral,32.91
FITB,2026-07-28,56.57,50.97,9.9,YES,Neutral,36.03
FE,2026-07-13,48.43,43.64,9.89,YES,Neutral,27.48
ST,2026-07-21,46.51,41.91,9.89,YES,Unknown,41.8
PB,2026-07-28,74.23,66.91,9.86,YES,Neutral,32.45
SWBI,2026-07-10,15.595,14.06,9.84,YES,Unknown,59.75
DLR,2026-07-27,195.76,176.56,9.81,YES,Neutral,39.72
BCE,2026-07-28,22.33,20.14,9.81,YES,Lagging,25.15
AVAV,2026-07-23,158.73,143.24,9.76,YES,Neutral,17.53
BRSL,2026-08-10,11.0,9.93,9.73,YES,Neutral,16.25
CCL,2026-07-28,27.81,25.11,9.71,YES,Neutral,24.05
TDS,2026-09-03,37.82,34.16,9.68,YES,Lagging,27.12
SLM,2026-07-15,25.34,22.89,9.67,YES,Unknown,22.05
PPG,2026-07-17,117.36,106.02,9.66,YES,Unknown,34.4
ELS,2026-07-13,64.98,58.71,9.65,YES,Neutral,24.67
ERIC,2026-09-11,10.31,9.32,9.6,YES,Neutral,39.41
CMG,2026-07-10,35.25,31.88,9.56,YES,Unknown,18.8
EXE,2026-08-04,93.07,84.18,9.55,YES,Neutral,26.47
AXP,2026-07-30,337.52,305.4,9.52,YES,Neutral,20.92
OMC,2026-07-10,81.93,74.14,9.51,YES,Unknown,29.85
LKQ,2026-08-28,25.53,23.11,9.48,YES,Unknown,22.85
AHR,2026-07-28,57.52,52.08,9.46,YES,Neutral,34.58
PBI,2026-07-22,17.99,16.29,9.45,YES,Unknown,44.6
PEP,2026-08-20,142.08,128.69,9.42,YES,Unknown,24.0
HIG,2026-07-10,138.78,125.85,9.32,YES,Neutral,26.17
BKR,2026-08-05,61.67,55.92,9.32,YES,Lagging,45.09
SE,2026-09-09,108.71,98.62,9.28,YES,Neutral,35.04
VMRK,2026-08-25,67.62,61.35,9.27,YES,Lagging,33.58
PHM,2026-07-27,130.59,118.5,9.26,YES,Lagging,32.95
BG,2026-07-17,119.15,108.14,9.24,YES,Unknown,37.15
ZION,2026-07-28,68.92,62.61,9.16,YES,Neutral,39.48
TSCO,2026-08-17,34.68,31.51,9.14,YES,Unknown,17.0
SNY,2026-08-27,44.84,40.74,9.14,YES,Neutral,25.67
CTVA,2026-07-10,85.68,77.87,9.12,YES,Unknown,38.65
AM,2026-07-10,22.28,20.25,9.11,YES,Lagging,50.28
REG,2026-07-13,79.94,72.66,9.11,YES,Neutral,32.63
TOL,2026-07-10,149.49,135.88,9.1,YES,Neutral,44.0
WCN,2026-07-10,171.07,155.56,9.07,YES,Neutral,22.55
INFY,2026-07-27,11.7,10.64,9.06,YES,Neutral,21.1
VNOM,2026-08-25,44.07,40.08,9.05,YES,Neutral,43.37
HIW,2026-08-06,31.48,28.64,9.02,YES,Lagging,41.13
RCUS,2026-07-31,28.19,25.65,9.01,YES,Neutral,51.21
REAX,2026-09-02,18.03,16.42,8.93,YES,Lagging,10.32
FBP,2026-08-10,28.93,26.35,8.92,YES,Neutral,47.43
BSX,2026-08-26,48.17,43.88,8.91,YES,Neutral,19.71
AFRM,2026-07-17,76.07,69.3,8.9,YES,Neutral,32.0
BTDR,2026-09-11,11.96,10.9,8.86,YES,Neutral,50.46
SPGI,2026-07-10,430.5,392.45,8.84,YES,Unknown,16.85
NSC,2026-07-27,343.35,313.0,8.84,YES,Neutral,32.63
FNB,2026-07-28,19.0,17.32,8.84,YES,Neutral,37.68
ZTS,2026-08-03,77.1,70.3,8.82,YES,Neutral,21.21
TKO,2026-08-11,194.73,177.58,8.81,YES,Unknown,20.75
CMC,2026-07-27,68.04,62.05,8.8,YES,Neutral,32.03
YUMC,2026-07-27,44.72,40.8,8.77,YES,Unknown,13.2
MMYT,2026-07-22,51.64,47.12,8.75,YES,Unknown,-0.35
AVGO,2026-07-14,389.11,355.1,8.74,YES,Neutral,36.5
TDC,2026-07-14,31.42,28.69,8.69,YES,Unknown,22.85
CPB,2026-07-13,22.15,20.23,8.67,YES,Unknown,14.25
NP,2026-07-21,30.34,27.71,8.67,YES,Unknown,35.05
OWL,2026-07-30,10.16,9.28,8.66,YES,Neutral,18.12
EMN,2026-08-03,71.98,65.75,8.66,YES,Unknown,36.35
CART,2026-07-15,47.61,43.49,8.65,YES,Neutral,33.94
WMB,2026-07-10,75.02,68.63,8.52,YES,Neutral,44.0
INGM,2026-07-21,29.45,26.95,8.49,YES,Neutral,47.36
APG,2026-08-10,42.32,38.75,8.44,YES,Unknown,26.2
IBN,2026-07-28,29.76,27.25,8.43,YES,Neutral,22.56
PSA,2026-07-22,311.7,285.58,8.38,YES,Neutral,45.03
CXT,2026-07-17,51.27,47.0,8.33,YES,Neutral,57.84
CBSH,2026-07-28,60.33,55.33,8.29,YES,Neutral,35.2
ESI,2026-08-17,39.22,35.97,8.29,YES,Unknown,54.55
DPZ,2026-07-20,328.97,301.81,8.26,YES,Unknown,21.4
EXR,2026-07-14,145.5,133.49,8.25,YES,Neutral,35.4
MTDR,2026-08-26,55.25,50.69,8.25,YES,Neutral,53.19
MS,2026-07-30,210.06,192.76,8.24,YES,Neutral,34.42
RJF,2026-07-28,174.16,159.85,8.22,YES,Neutral,34.72
SGI,2026-09-02,67.82,62.26,8.2,YES,Unknown,17.5
CURB,2026-07-10,30.41,27.92,8.19,YES,Neutral,38.15
MAT,2026-07-22,14.4,13.22,8.19,YES,Unknown,11.65
COLB,2026-07-30,31.25,28.69,8.19,YES,Neutral,38.48
HL,2026-09-15,18.68,17.15,8.19,YES,Neutral,24.68
BALL,2026-07-10,61.69,56.65,8.17,YES,Unknown,35.7
ORI,2026-07-10,41.43,38.05,8.16,YES,Neutral,23.86
EVRG,2026-07-10,85.71,78.73,8.14,YES,Neutral,34.78
EBC,2026-08-07,22.84,20.98,8.14,YES,Neutral,45.89
AJG,2026-08-03,247.79,227.75,8.09,YES,Neutral,29.18
KVUE,2026-07-10,19.48,17.91,8.06,YES,Unknown,31.15
UNH,2026-08-04,407.55,374.94,8.0,YES,Neutral,36.44
LDOS,2026-09-02,133.78,123.1,7.98,YES,Neutral,20.32
SGRY,2026-08-04,15.65,14.41,7.92,YES,Neutral,17.32
NESR,2026-08-04,28.77,26.49,7.92,YES,Neutral,58.57
SCHW,2026-08-07,107.6,99.1,7.9,YES,Neutral,33.91
MIR,2026-09-02,15.57,14.34,7.9,YES,Neutral,20.46
GNW,2026-08-12,10.02,9.23,7.88,YES,Neutral,30.32
BAX,2026-09-01,25.48,23.48,7.85,YES,Neutral,49.23
HOMB,2026-08-07,30.81,28.41,7.79,YES,Neutral,34.93
AMH,2026-07-10,33.27,30.68,7.78,YES,Neutral,21.77
STLD,2026-07-23,240.57,221.9,7.76,YES,Neutral,51.87
RPM,2026-07-28,108.37,99.97,7.75,YES,Unknown,29.2
MKC,2026-07-10,52.45,48.4,7.72,YES,Unknown,12.95
GEV,2026-07-13,1042.6,962.49,7.68,YES,Neutral,54.84
BXP,2026-07-10,66.82,61.71,7.65,YES,Neutral,24.95
RRC,2026-07-28,39.91,36.88,7.59,YES,Neutral,46.69
PLD,2026-07-15,143.42,132.61,7.54,YES,Neutral,36.61
CTRE,2026-07-10,40.22,37.2,7.51,YES,Neutral,33.62
USB,2026-07-28,62.82,58.14,7.45,YES,Neutral,33.78
HTHT,2026-08-17,46.61,43.14,7.44,YES,Unknown,17.65
MCD,2026-09-15,252.78,233.98,7.44,YES,Unknown,18.8
WTTR,2026-08-10,20.89,19.34,7.42,YES,Lagging,60.43
IREN,2026-09-04,44.68,41.38,7.39,YES,Neutral,46.32
XYZ,2026-07-17,79.94,74.05,7.37,YES,Neutral,47.19
ALSN,2026-07-27,121.91,113.01,7.3,YES,Unknown,46.75
MAC,2026-07-10,24.69,22.89,7.29,YES,Neutral,47.1
GSK,2026-07-28,53.22,49.35,7.27,YES,Neutral,41.99
USFD,2026-07-10,100.98,93.7,7.21,YES,Unknown,40.4
PPL,2026-09-03,35.11,32.58,7.21,YES,Lagging,30.37
CBRE,2026-07-17,140.96,130.84,7.18,YES,Neutral,21.1
AU,2026-09-21,101.93,94.63,7.16,YES,Neutral,39.37
GMED,2026-08-04,81.51,75.69,7.14,YES,Neutral,16.66
OBDC,2026-08-07,11.64,10.81,7.13,YES,Neutral,21.28
KD,2026-07-17,12.15,11.29,7.08,YES,Neutral,11.85
AOS,2026-07-27,62.44,58.02,7.08,YES,Lagging,18.81
SYF,2026-07-30,77.17,71.72,7.06,YES,Neutral,25.83
WAL,2026-08-11,81.5,75.76,7.04,YES,Neutral,29.2
CHKP,2026-07-16,136.51,126.93,7.02,YES,Neutral,15.1
STEP,2026-08-07,46.41,43.15,7.02,YES,Neutral,17.67
ED,2026-07-10,111.12,103.33,7.01,YES,Neutral,30.79
IR,2026-07-17,82.24,76.48,7.0,YES,Lagging,24.08
TW,2026-07-28,108.18,100.61,7.0,YES,Neutral,30.82
DOC,2026-08-03,21.64,20.13,6.98,YES,Neutral,42.53
PDD,2026-07-23,83.3,77.5,6.96,YES,Lagging,20.65
ADSK,2026-07-17,218.35,203.18,6.95,YES,Neutral,23.13
ONB,2026-07-28,26.68,24.84,6.9,YES,Neutral,38.47
CROX,2026-08-11,131.71,122.63,6.89,YES,Neutral,49.96
ALC,2026-07-17,70.26,65.44,6.86,YES,Neutral,22.87
LW,2026-07-10,46.45,43.27,6.85,YES,Unknown,33.75
DD,2026-07-22,139.64,130.12,6.82,YES,Unknown,31.95
APD,2026-07-10,299.53,279.19,6.79,YES,Unknown,33.25
ACIW,2026-08-17,52.13,48.59,6.79,YES,Neutral,27.15
LUNR,2026-09-25,15.61,14.55,6.79,YES,Lagging,44.74
AFL,2026-07-10,121.91,113.66,6.77,YES,Neutral,35.16
CUBE,2026-07-13,40.61,37.87,6.75,YES,Neutral,36.05
OGE,2026-07-10,48.65,45.38,6.72,YES,Neutral,39.28
AMT,2026-07-28,179.26,167.35,6.64,YES,Neutral,20.91
ASB,2026-07-28,30.72,28.68,6.64,YES,Neutral,44.32
ZWS,2026-07-30,50.12,46.79,6.64,YES,Lagging,29.67
GIS,2026-07-10,36.22,33.82,6.63,YES,Unknown,11.8
CGNX,2026-07-13,63.91,59.67,6.63,YES,Unknown,51.0
SPG,2026-07-10,218.77,204.28,6.62,YES,Neutral,40.43
TREX,2026-07-10,47.16,44.06,6.57,YES,Neutral,43.03
FFBC,2026-08-07,33.66,31.45,6.57,YES,Neutral,55.66
FULT,2026-08-07,24.24,22.65,6.56,YES,Neutral,40.84
WMT,2026-08-19,114.3,106.8,6.56,YES,Unknown,27.9
INSM,2026-08-14,123.74,115.63,6.55,YES,Neutral,24.24
BZ,2026-07-16,15.15,14.17,6.47,YES,Neutral,22.09
DOLE,2026-09-01,13.85,12.96,6.43,YES,Unknown,15.7
FIBK,2026-07-30,38.46,36.0,6.4,YES,Neutral,33.63
SYY,2026-07-10,83.83,78.49,6.37,YES,Unknown,26.1
GLXY,2026-08-26,24.64,23.07,6.37,YES,Neutral,36.53
SBCF,2026-07-30,34.57,32.37,6.36,YES,Neutral,39.56
PBA,2026-07-10,47.55,44.53,6.35,YES,Neutral,50.65
BUD,2026-07-13,79.33,74.29,6.35,YES,Unknown,39.1
CL,2026-07-10,92.24,86.46,6.27,YES,Unknown,36.35
DLO,2026-07-28,14.59,13.69,6.17,YES,Neutral,18.47
UNP,2026-07-28,292.19,274.15,6.17,YES,Neutral,39.78
KKR,2026-07-28,99.28,93.18,6.14,YES,Neutral,19.73
CDP,2026-07-10,36.52,34.28,6.13,YES,Neutral,56.28
KLAC,2026-08-13,209.37,196.53,6.13,YES,Lagging,56.52
MARA,2026-07-23,12.77,11.99,6.11,YES,Lagging,54.82
NVCR,2026-07-27,17.03,15.99,6.11,YES,Neutral,61.44
CDE,2026-09-16,18.98,17.84,6.01,YES,Neutral,42.02
AKAM,2026-07-24,115.37,108.45,6.0,YES,Neutral,61.13
BCS,2026-07-28,26.05,24.49,5.99,YES,Neutral,27.78
GNTX,2026-08-06,23.54,22.13,5.99,YES,Unknown,18.95
FR,2026-07-10,65.01,61.15,5.94,YES,Neutral,47.51
AR,2026-08-04,35.69,33.57,5.94,YES,Neutral,46.62
CSX,2026-07-21,49.89,46.93,5.93,YES,Neutral,47.02
ACGL,2026-07-10,101.06,95.12,5.88,YES,Neutral,32.02
GLNG,2026-07-10,51.24,48.23,5.87,YES,Lagging,58.32
ALL,2026-07-15,239.48,225.42,5.87,YES,Neutral,36.68
VALE,2026-09-16,14.13,13.3,5.87,YES,Neutral,45.89
TNDM,2026-07-21,17.6,16.57,5.85,YES,Neutral,22.22
JBL,2026-08-05,338.62,318.84,5.84,YES,Neutral,45.03
UBS,2026-07-28,51.8,48.78,5.83,YES,Neutral,35.37
BTSG,2026-08-28,59.13,55.69,5.82,YES,Neutral,50.24
DRVN,2026-09-15,12.52,11.8,5.75,YES,Unknown,13.1
RKLB,2026-09-25,73.95,69.7,5.75,YES,Lagging,41.51
KRP,2026-08-25,15.17,14.3,5.74,YES,Neutral,55.48
KHC,2026-07-10,24.85,23.45,5.63,YES,Unknown,27.9
LTH,2026-08-10,42.46,40.08,5.61,YES,Neutral,55.93
STAG,2026-07-13,39.08,36.89,5.6,YES,Neutral,39.07
GOOG,2026-07-14,357.33,337.32,5.6,YES,Neutral,34.13
PFS,2026-07-10,23.53,22.22,5.57,YES,Unknown,37.15
CBOE,2026-07-15,277.11,261.75,5.54,YES,Unknown,28.05
WRB,2026-07-10,72.19,68.22,5.5,YES,Neutral,31.9
JACK,2026-07-22,14.24,13.46,5.48,YES,Unknown,17.5
HESM,2026-08-07,39.8,37.63,5.45,YES,Lagging,39.48
DOX,2026-08-20,60.9,57.59,5.44,YES,Neutral,22.9
NVS,2026-07-10,154.05,145.71,5.41,YES,Neutral,39.98
NOC,2026-07-23,533.48,504.61,5.41,YES,Neutral,37.89
GEHC,2026-08-05,70.24,66.46,5.38,YES,Neutral,11.97
QSR,2026-07-28,75.52,71.48,5.35,YES,Unknown,34.4
RY,2026-08-07,211.08,199.8,5.34,YES,Neutral,42.35
LEN,2026-08-25,87.68,83.01,5.33,YES,Lagging,22.49
TFSL,2026-08-10,17.21,16.3,5.29,YES,Unknown,36.5
ASTS,2026-09-17,62.71,59.4,5.28,YES,Lagging,23.72
APO,2026-07-31,125.59,119.0,5.25,YES,Neutral,21.93
KMI,2026-07-10,32.12,30.45,5.2,YES,Neutral,41.4
EBAY,2026-07-16,110.91,105.21,5.14,YES,Neutral,50.38
VOYA,2026-08-10,100.23,95.09,5.13,YES,Neutral,56.82
GSBD,2026-08-24,10.0,9.49,5.1,YES,Unknown,40.25
COST,2026-07-28,974.03,924.59,5.08,YES,Unknown,32.45
CAH,2026-07-10,235.8,223.91,5.04,YES,Neutral,38.77
BAM,2026-07-28,47.35,44.97,5.03,YES,Neutral,16.53
PWR,2026-08-14,685.78,651.79,4.96,YES,Lagging,48.9
JKHY,2026-07-16,153.84,146.22,4.95,YES,Neutral,25.55
AIG,2026-07-10,79.17,75.27,4.93,YES,Neutral,23.31
BEKE,2026-07-16,17.46,16.6,4.93,YES,Neutral,31.94
ZM,2026-07-16,92.92,88.355,4.91,YES,Neutral,43.88
OMF,2026-07-10,59.25,56.35,4.89,YES,Unknown,26.75
LYV,2026-07-10,179.79,171.09,4.84,YES,Unknown,41.1
ACMR,2026-08-10,79.41,75.61,4.79,YES,Lagging,64.3
ATAT,2026-09-01,34.49,32.85,4.76,YES,Neutral,24.53
IBKR,2026-07-30,90.48,86.18,4.75,YES,Neutral,41.78
OTEX,2026-07-16,23.42,22.31,4.74,YES,Neutral,21.83
PAAS,2026-09-15,48.42,46.14,4.71,YES,Neutral,27.83
RTX,2026-07-10,195.93,186.94,4.59,YES,Neutral,27.4
CCK,2026-07-10,111.47,106.35,4.59,YES,Unknown,32.6
TRNO,2026-07-10,69.4,66.25,4.54,YES,Neutral,53.26
CB,2026-07-10,347.83,332.08,4.53,YES,Neutral,33.97
DHI,2026-08-06,146.01,139.4,4.53,YES,Lagging,26.89
ARES,2026-07-28,124.6,118.97,4.52,YES,Neutral,20.28
LI,2026-09-15,11.76,11.23,4.51,YES,Unknown,21.6
UBSI,2026-08-07,48.32,46.15,4.49,YES,Neutral,44.95
FERG,2026-07-31,234.33,223.87,4.46,YES,Lagging,27.48
MUX,2026-09-23,18.82,17.98,4.46,YES,Neutral,42.35
MRSH,2026-07-10,178.31,170.42,4.42,YES,Unknown,19.6
DRI,2026-07-27,204.1,195.11,4.4,YES,Unknown,38.3
CSCO,2026-07-15,111.77,106.94,4.32,YES,Neutral,53.55
MO,2026-07-10,71.79,68.72,4.28,YES,Unknown,37.8
WFRD,2026-09-22,84.0,80.41,4.27,YES,Neutral,55.99
CNI,2026-08-03,125.81,120.55,4.18,YES,Neutral,45.45
VTR,2026-07-10,90.66,86.91,4.14,YES,Neutral,38.65
ORLY,2026-08-03,89.76,86.07,4.11,YES,Unknown,22.05
TT,2026-07-16,475.0,455.59,4.09,YES,Neutral,50.04
AGI,2026-09-16,34.45,33.04,4.09,YES,Neutral,34.22
BF.B,2026-07-27,27.4,26.29,4.05,YES,Unknown,28.55
EW,2026-07-13,91.79,88.08,4.04,YES,Neutral,32.73
WFC,2026-07-28,83.87,80.48,4.04,YES,Neutral,19.33
ASO,2026-07-27,49.9,47.89,4.03,YES,Unknown,25.3
ITT,2026-08-07,213.13,204.54,4.03,YES,Unknown,47.4
SFNC,2026-07-28,23.46,22.52,4.01,YES,Neutral,43.83
UMAC,2026-08-20,25.98,24.94,4.0,YES,Neutral,60.6
FANG,2026-07-13,191.6,183.95,3.99,YES,Neutral,53.84
HAL,2026-09-22,32.85,31.54,3.99,YES,Neutral,51.24
HOPE,2026-08-07,13.99,13.44,3.93,YES,Neutral,51.18
CVBF,2026-07-28,22.83,21.94,3.9,YES,Neutral,39.27
CE,2026-09-02,46.66,44.84,3.9,YES,Unknown,37.0
CRWV,2026-09-04,89.36,85.93,3.84,YES,Neutral,48.27
GOOGL,2026-07-16,354.46,340.92,3.82,YES,Neutral,47.05
LYB,2026-07-28,60.49,58.18,3.82,YES,Unknown,48.9
ECHO,2026-09-16,93.46,89.89,3.82,YES,Unknown,25.3
BSY,2026-07-17,32.34,31.12,3.77,YES,Neutral,24.44
BVN,2026-09-15,33.24,31.99,3.76,YES,Neutral,55.43
TPC,2026-07-23,87.66,84.4,3.72,YES,Neutral,45.0
OHI,2026-07-10,48.3,46.54,3.64,YES,Neutral,34.66
MQ,2026-07-30,17.65,17.01,3.63,YES,Neutral,29.99
BNY,2026-07-28,152.5,146.98,3.62,YES,Neutral,46.13
IART,2026-08-07,17.25,16.64,3.54,YES,Neutral,62.57
SCI,2026-07-13,79.64,76.83,3.53,YES,Unknown,29.2
OPCH,2026-08-06,23.63,22.81,3.47,YES,Neutral,11.31
MAR,2026-07-24,374.43,361.62,3.42,YES,Unknown,40.9
CM,2026-09-02,115.66,111.71,3.42,YES,Neutral,46.43
OKE,2026-07-10,89.92,86.86,3.4,YES,Neutral,47.64
BGC,2026-08-21,11.85,11.45,3.38,YES,Lagging,50.17
EPD,2026-07-10,37.27,36.02,3.35,YES,Neutral,42.49
CEG,2026-08-03,273.71,264.58,3.34,YES,Lagging,14.81
AMAT,2026-07-17,529.66,512.01,3.33,YES,Lagging,54.75
RSG,2026-07-10,219.2,211.92,3.32,YES,Neutral,29.7
ARMK,2026-08-06,56.31,54.45,3.3,YES,Unknown,48.3
C,2026-08-10,135.22,130.8,3.27,YES,Neutral,28.22
DAR,2026-08-11,62.36,60.32,3.27,YES,Lagging,53.28
AMZN,2026-07-15,254.96,246.67,3.25,YES,Neutral,31.35
APLE,2026-07-28,16.81,16.27,3.21,YES,Neutral,40.1
WKC,2026-08-10,37.03,35.84,3.21,YES,Unknown,43.85
HST,2026-07-10,23.18,22.44,3.19,YES,Neutral,51.98
ENR,2026-08-05,22.53,21.82,3.15,YES,Unknown,35.05
SVM,2026-09-16,11.18,10.83,3.13,YES,Neutral,51.07
CDW,2026-07-24,133.82,129.71,3.07,YES,Neutral,33.3
AG,2026-09-15,18.64,18.08,3.0,YES,Neutral,37.68
MTSI,2026-08-18,292.875,284.27,2.94,YES,Neutral,56.07
BWA,2026-07-16,62.77,60.94,2.92,YES,Lagging,58.6
LYFT,2026-07-17,15.52,15.07,2.9,YES,Neutral,23.16
CNC,2026-08-04,64.07,62.21,2.9,YES,Neutral,47.16
GBDC,2026-07-14,13.02,12.65,2.84,YES,Unknown,22.05
VZ,2026-07-27,47.32,45.98,2.83,YES,Neutral,43.71
JPM,2026-07-28,344.71,334.98,2.82,YES,Neutral,32.12
RAL,2026-08-17,71.97,69.98,2.77,YES,Neutral,49.96
VIAV,2026-08-13,42.99,41.82,2.72,YES,Lagging,58.0
BAH,2026-07-27,71.64,69.71,2.69,YES,Unknown,16.85
CI,2026-09-02,282.84,275.26,2.68,YES,Neutral,36.13
NTRS,2026-07-28,177.65,172.94,2.65,YES,Neutral,45.48
CHA,2026-09-22,11.66,11.36,2.57,YES,Unknown,32.65
COF,2026-07-10,201.52,196.46,2.51,YES,Unknown,18.8
HDB,2026-09-02,23.21,22.64,2.46,YES,Neutral,14.43
IONQ,2026-08-13,44.98,43.91,2.38,YES,Unknown,28.05
UAL,2026-07-23,115.345,112.65,2.34,YES,Neutral,34.56
BHF,2026-09-25,53.24,52.0,2.33,YES,Lagging,36.84
OSCR,2026-08-28,30.47,29.77,2.3,YES,Neutral,54.96
GPN,2026-09-21,85.29,83.33,2.3,YES,Lagging,47.07
CHD,2026-07-13,97.16,94.95,2.27,YES,Unknown,31.3
MOS,2026-07-14,22.94,22.42,2.27,YES,Unknown,24.65
HLT,2026-07-27,330.85,323.44,2.24,YES,Unknown,35.7
TS,2026-09-03,56.31,55.05,2.24,YES,Neutral,60.61
KURA,2026-09-23,11.04,10.805,2.13,YES,Neutral,49.74
FLY,2026-09-22,23.345,22.86,2.08,YES,Lagging,46.9
TIGO,2026-08-21,93.68,91.74,2.07,YES,Lagging,62.52
DBX,2026-08-17,33.38,32.7,2.04,YES,Neutral,57.19
CNO,2026-09-21,54.4,53.29,2.04,YES,Neutral,50.14
KDP,2026-07-10,31.67,31.03,2.02,YES,Unknown,33.1
GM,2026-07-22,82.13,80.47,2.02,YES,Unknown,28.55
WSBC,2026-09-22,38.49,37.73,1.97,YES,Lagging,46.42
AVO,2026-07-10,13.33,13.07,1.95,YES,Unknown,40.9
CPRI,2026-09-17,14.95,14.66,1.94,YES,Lagging,14.54
COCO,2026-09-28,57.66,56.55,1.93,YES,Unknown,41.25
TD,2026-08-07,121.31,119.0,1.9,YES,Neutral,43.32
CP,2026-07-30,88.16,86.51,1.87,YES,Neutral,45.44
HSBC,2026-07-28,102.6,100.72,1.83,YES,Neutral,51.18
KBR,2026-07-13,35.75,35.13,1.73,YES,Neutral,24.89
INOD,2026-07-13,68.12,66.94,1.73,YES,Neutral,33.5
VSXY,2026-08-26,90.79,89.23,1.72,YES,Neutral,49.93
AI,2026-09-02,10.52,10.34,1.71,YES,Neutral,22.92
AMCR,2026-07-10,43.18,42.46,1.67,YES,Unknown,29.85
ZVRA,2026-08-17,11.53,11.34,1.65,YES,Neutral,52.89
DB,2026-07-31,36.7,36.11,1.61,YES,Neutral,33.1
ADP,2026-08-17,266.06,261.8,1.6,YES,Neutral,43.54
AGCO,2026-09-25,118.02,116.16,1.58,YES,Lagging,61.32
TRMB,2026-07-28,58.24,57.34,1.55,YES,Lagging,7.54
EQX,2026-09-16,11.58,11.4,1.55,YES,Neutral,26.27
PGY,2026-07-30,17.64,17.37,1.53,YES,Neutral,29.87
GTES,2026-07-21,27.05,26.64,1.52,YES,Lagging,46.39
BEN,2026-07-30,33.17,32.67,1.51,YES,Neutral,50.33
PSKY,2026-08-14,10.14,9.99,1.48,YES,Neutral,21.94
OTF,2026-08-05,10.42,10.27,1.44,YES,Unknown,10.5
PYPL,2026-09-02,54.67,53.89,1.43,YES,Neutral,32.24
CAG,2026-07-13,14.33,14.13,1.4,YES,Unknown,22.4
ELV,2026-08-13,398.22,392.73,1.38,YES,Neutral,39.63
WAB,2026-08-06,295.23,291.23,1.35,YES,Neutral,45.72
AVY,2026-09-01,173.07,170.78,1.32,YES,Unknown,18.95
SLB,2026-08-07,50.53,49.87,1.31,YES,Lagging,58.97
HOG,2026-07-10,25.14,24.82,1.27,YES,Unknown,36.5
ADM,2026-07-10,80.41,79.4,1.26,YES,Unknown,41.25
DGX,2026-09-22,234.76,231.97,1.19,YES,Neutral,53.77
NCNO,2026-07-16,18.16,17.95,1.16,YES,Neutral,9.69
DOV,2026-09-25,191.88,189.7,1.14,YES,Lagging,37.45
AER,2026-07-14,146.75,145.1,1.12,YES,Neutral,14.72
PFG,2026-08-04,115.25,113.97,1.11,YES,Neutral,48.03
LOGI,2026-07-20,101.78,100.67,1.09,YES,Unknown,26.6
COHR,2026-08-27,295.39,292.21,1.08,YES,Lagging,53.52
JAZZ,2026-09-23,234.88,232.35,1.08,YES,Neutral,62.74
SHW,2026-07-10,333.99,330.44,1.06,YES,Unknown,22.85
SHOE,2026-09-28,13.21,13.07,1.06,YES,Neutral,35.79
CF,2026-07-10,116.92,115.71,1.03,YES,Unknown,52.75
MURGY,2026-09-21,11.62,11.5,1.03,YES,Neutral,22.84
TTMI,2026-09-21,124.02,122.8,0.98,YES,Lagging,55.23
CZR,2026-07-16,29.91,29.62,0.97,YES,Neutral,50.96
ADBE,2026-07-16,235.31,233.17,0.91,YES,Neutral,21.44
MDLZ,2026-07-13,59.86,59.32,0.9,YES,Unknown,35.7
NRIX,2026-09-23,23.88,23.675,0.86,YES,Neutral,47.94
VNT,2026-07-27,31.84,31.57,0.85,YES,Neutral,22.42
HON,2026-09-22,211.85,210.13,0.81,YES,Unknown,4.0
NWBI,2026-07-10,15.04,14.92,0.8,YES,Unknown,41.05
V,2026-07-28,368.73,365.88,0.77,YES,Neutral,35.51
AWK,2026-07-10,130.69,129.8,0.68,YES,Neutral,29.38
BMRN,2026-07-27,60.27,59.87,0.66,YES,Neutral,37.22
ITW,2026-07-10,268.81,267.07,0.65,YES,Neutral,39.33
DG,2026-07-13,123.44,122.64,0.65,YES,Unknown,11.8
RPRX,2026-08-14,58.6,58.22,0.65,YES,Neutral,63.89
HAS,2026-07-21,88.78,88.26,0.59,YES,Unknown,26.75
ARE,2026-07-15,48.7,48.47,0.47,YES,Neutral,35.31
NOV,2026-07-28,19.06,18.98,0.42,YES,Neutral,47.15
DASH,2026-07-14,187.79,187.1,0.37,YES,Neutral,23.26
AUPH,2026-08-27,16.475,16.42,0.33,YES,Neutral,43.38
B,2026-08-06,41.37,41.24,0.31,YES,Neutral,36.67
EXPE,2026-07-15,267.11,266.33,0.29,YES,Neutral,26.91
RAMP,2026-09-03,37.76,37.65,0.29,YES,Neutral,54.12
AAON,2026-09-28,85.34,85.105,0.28,YES,Neutral,53.63
PRU,2026-07-10,115.37,115.06,0.27,YES,Neutral,38.85
MUR,2026-08-05,36.04,35.95,0.25,YES,Lagging,54.32
IAG,2026-09-28,18.68,18.64,0.21,YES,Neutral,47.82
TECH,2026-09-23,72.52,72.38,0.19,YES,Neutral,58.84
CLBK,2026-09-28,10.9,10.88,0.18,YES,Lagging,60.05
RMD,2026-08-04,223.14,222.83,0.14,YES,Neutral,32.12
BAYRY,2026-08-12,13.91,13.89,0.14,YES,Neutral,63.5
PG,2026-07-13,148.37,148.32,0.03,YES,Unknown,27.25
ZBH,2026-07-10,91.34,91.34,0.0,NO,Neutral,36.2
SLF,2026-08-26,79.05,79.06,-0.01,NO,Neutral,52.9
WMG,2026-07-27,27.61,27.62,-0.04,NO,Unknown,20.75
SPNT,2026-09-28,24.83,24.84,-0.04,NO,Lagging,56.94
TRGP,2026-07-10,273.35,273.49,-0.05,NO,Lagging,64.61
CRCL,2026-08-20,83.66,83.7,-0.05,NO,Lagging,44.03
MA,2026-08-10,563.17,563.58,-0.07,NO,Neutral,35.51
BNTX,2026-09-23,98.46,98.57,-0.11,NO,Neutral,44.54
MPLX,2026-07-10,56.95,57.05,-0.18,NO,Neutral,33.03
WRBY,2026-07-13,27.41,27.47,-0.22,NO,Unknown,37.65
TRIN,2026-07-15,17.72,17.76,-0.23,NO,Unknown,43.5
CLSK,2026-09-09,13.28,13.31,-0.23,NO,Neutral,58.24
OXY,2026-07-13,54.81,54.94,-0.24,NO,Neutral,56.63
SPOT,2026-07-20,492.32,493.66,-0.27,NO,Neutral,21.61
LXP,2026-08-10,60.72,60.89,-0.28,NO,Lagging,44.65
TTC,2026-09-25,97.15,97.42,-0.28,NO,Unknown,45.65
SSRM,2026-09-28,33.84,33.94,-0.3,NO,Neutral,62.67
SW,2026-07-10,44.23,44.38,-0.34,NO,Unknown,34.4
FRPT,2026-07-20,56.95,57.15,-0.35,NO,Unknown,24.65
MTG,2026-07-10,28.14,28.25,-0.39,NO,Neutral,26.94
DAL,2026-07-20,84.54,84.87,-0.39,NO,Neutral,45.61
AXTA,2026-07-10,32.51,32.64,-0.4,NO,Unknown,18.95
FLR,2026-07-13,49.63,49.83,-0.4,NO,Neutral,45.5
ROST,2026-07-17,233.46,234.4,-0.4,NO,Unknown,35.4
COR,2026-08-04,306.28,307.6,-0.43,NO,Neutral,26.44
MGA,2026-07-10,64.27,64.56,-0.45,NO,Unknown,36.5
GGG,2026-07-23,77.75,78.1,-0.45,NO,Neutral,15.06
CLF,2026-07-23,10.96,11.01,-0.46,NO,Neutral,26.34
BMY,2026-07-27,62.56,62.86,-0.48,NO,Neutral,40.34
BZH,2026-09-03,33.2,33.36,-0.48,NO,Lagging,51.52
NTES,2026-07-22,121.21,121.82,-0.5,NO,Neutral,20.09
LMT,2026-07-20,509.54,512.21,-0.52,NO,Lagging,34.62
AES,2026-07-10,14.78,14.86,-0.54,NO,Neutral,28.19
AZN,2026-09-23,163.33,164.21,-0.54,NO,Neutral,36.79
WELL,2026-07-10,231.59,232.9,-0.57,NO,Neutral,45.52
VRDN,2026-07-28,19.88,19.995,-0.58,NO,Neutral,19.26
NVT,2026-07-10,160.72,161.68,-0.6,NO,Neutral,46.09
RLJ,2026-08-10,10.99,11.06,-0.64,NO,Lagging,50.45
HSIC,2026-07-10,84.4,84.97,-0.68,NO,Neutral,40.78
SLG,2026-07-10,48.68,49.02,-0.7,NO,Neutral,40.53
SHO,2026-07-10,11.22,11.3,-0.71,NO,Neutral,50.06
KN,2026-07-10,37.05,37.32,-0.73,NO,Unknown,51.0
HLF,2026-08-27,12.35,12.44,-0.73,NO,Neutral,23.48
LFST,2026-09-24,11.8,11.89,-0.76,NO,Neutral,57.36
PGR,2026-08-13,208.87,210.52,-0.79,NO,Lagging,21.51
SBRA,2026-07-10,19.62,19.78,-0.82,NO,Neutral,32.8
ROKU,2026-08-11,150.91,152.14,-0.82,NO,Neutral,51.53
UNM,2026-07-10,87.5,88.24,-0.85,NO,Neutral,36.86
UGI,2026-07-10,35.84,36.15,-0.86,NO,Lagging,33.75
ACA,2026-07-20,144.74,146.0,-0.87,NO,Neutral,61.62
GEO,2026-08-07,30.69,30.96,-0.88,NO,Lagging,53.6
TVTX,2026-09-25,59.44,59.99,-0.93,NO,Neutral,61.69
STT,2026-07-28,176.04,177.78,-0.99,NO,Neutral,50.03
ATI,2026-07-10,187.04,188.95,-1.02,NO,Neutral,50.35
CLS,2026-08-05,362.76,366.47,-1.02,NO,Neutral,26.72
DLB,2026-09-21,57.33,57.93,-1.05,NO,Unknown,23.35
URBN,2026-07-20,74.83,75.64,-1.08,NO,Neutral,31.16
INDV,2026-09-22,36.19,36.59,-1.11,NO,Neutral,32.97
ATKR,2026-09-01,93.63,94.73,-1.17,NO,Unknown,50.8
JHX,2026-07-10,24.79,25.1,-1.25,NO,Neutral,45.18
ET,2026-07-10,19.66,19.91,-1.27,NO,Neutral,44.03
CBRL,2026-09-25,51.81,52.48,-1.29,NO,Unknown,53.6
ECL,2026-07-10,274.31,277.87,-1.3,NO,Unknown,29.85
OMDA,2026-08-05,19.11,19.37,-1.36,NO,Neutral,52.66
BURL,2026-09-28,266.39,270.05,-1.37,NO,Unknown,27.45
NUE,2026-07-13,233.0,236.24,-1.39,NO,Unknown,46.9
TXNM,2026-07-28,57.69,58.5,-1.4,NO,Neutral,40.95
BOX,2026-08-17,32.29,32.75,-1.42,NO,Neutral,48.74
VCYT,2026-09-25,45.43,46.08,-1.43,NO,Neutral,35.9
ARIS,2026-09-28,17.5,17.75,-1.43,NO,Neutral,49.32
T,2026-07-24,24.13,24.48,-1.45,NO,Neutral,30.71
KMX,2026-09-17,58.38,59.23,-1.46,NO,Unknown,56.5
KR,2026-07-28,59.87,60.79,-1.54,NO,Unknown,24.65
FLS,2026-07-27,72.68,73.81,-1.55,NO,Lagging,32.6
WTRG,2026-07-10,38.58,39.23,-1.68,NO,Neutral,23.03
AGIO,2026-07-30,32.75,33.3,-1.68,NO,Neutral,54.44
TEL,2026-07-21,209.01,212.59,-1.71,NO,Neutral,16.86
BRK.B,2026-07-10,493.71,502.35,-1.75,NO,Neutral,20.47
NWS,2026-07-10,30.93,31.5,-1.84,NO,Unknown,21.75
TPG,2026-07-30,42.7,43.5,-1.87,NO,Neutral,19.77
GNRC,2026-09-25,208.14,212.22,-1.96,NO,Lagging,55.9
FSK,2026-07-15,10.89,11.11,-2.02,NO,Unknown,12.3
SKM,2026-07-23,35.2,35.91,-2.02,NO,Unknown,50.35
AEO,2026-07-27,17.77,18.14,-2.08,NO,Neutral,3.2
AUGO,2026-09-28,77.72,79.36,-2.11,NO,Neutral,60.82
INCY,2026-08-04,120.6,123.2,-2.16,NO,Neutral,55.19
DIS,2026-08-10,103.18,105.41,-2.16,NO,Neutral,25.97
TENB,2026-09-04,34.25,34.99,-2.16,NO,Neutral,62.62
TTE,2026-08-07,85.83,87.71,-2.19,NO,Lagging,54.43
RDY,2026-09-22,12.57,12.85,-2.23,NO,Neutral,34.38
BJ,2026-07-17,93.4,95.49,-2.24,NO,Unknown,25.95
EHC,2026-08-28,120.85,123.56,-2.24,NO,Neutral,51.84
WH,2026-09-28,70.83,72.44,-2.27,NO,Unknown,29.85
AVPT,2026-08-17,13.25,13.57,-2.42,NO,Neutral,38.11
VG,2026-07-10,12.24,12.54,-2.45,NO,Lagging,57.58
VFC,2026-09-25,14.15,14.5,-2.47,NO,Lagging,29.52
XPRO,2026-07-13,15.58,15.97,-2.5,NO,Neutral,44.15
VSTS,2026-09-09,13.12,13.46,-2.59,NO,Neutral,64.24
SWK,2026-07-13,86.53,88.79,-2.61,NO,Neutral,47.17
MDB,2026-07-16,328.6,337.19,-2.61,NO,Neutral,14.17
SHC,2026-08-04,18.11,18.6,-2.71,NO,Neutral,41.37
MFG,2026-08-07,10.71,11.0,-2.71,NO,Neutral,46.13
M,2026-07-10,22.64,23.27,-2.78,NO,Unknown,20.9
DXC,2026-07-24,10.05,10.33,-2.79,NO,Neutral,23.39
MUFG,2026-08-07,22.49,23.13,-2.85,NO,Neutral,45.48
BRZE,2026-07-22,22.5,23.15,-2.89,NO,Neutral,18.61
NDAQ,2026-07-13,89.21,91.85,-2.96,NO,Unknown,13.3
SRPT,2026-08-14,18.1,18.64,-2.98,NO,Neutral,26.19
MHK,2026-09-22,121.23,124.84,-2.98,NO,Unknown,38.3
LNC,2026-07-10,39.73,40.92,-3.0,NO,Neutral,29.71
LAUR,2026-07-15,37.26,38.38,-3.01,NO,Unknown,30.0
ARCC,2026-07-14,18.79,19.36,-3.03,NO,Unknown,22.05
GSAT,2026-07-14,80.15,82.59,-3.04,NO,Unknown,49.35
ALNY,2026-09-23,246.51,254.07,-3.07,NO,Neutral,20.09
MT,2026-07-13,65.92,67.96,-3.09,NO,Lagging,59.02
COLD,2026-07-23,14.1,14.54,-3.12,NO,Neutral,39.78
ARQT,2026-08-03,25.94,26.75,-3.12,NO,Lagging,21.79
KMT,2026-09-24,30.07,31.01,-3.13,NO,Lagging,32.23
FROG,2026-09-04,87.6,90.37,-3.16,NO,Neutral,59.37
FUTU,2026-08-19,109.42,112.98,-3.25,NO,Neutral,13.72
PAA,2026-08-05,23.17,23.93,-3.28,NO,Neutral,50.5
LNG,2026-07-10,258.64,267.29,-3.34,NO,Lagging,53.67
QGEN,2026-08-14,42.95,44.4,-3.38,NO,Neutral,35.29
BXSL,2026-07-17,23.82,24.63,-3.4,NO,Unknown,20.1
CME,2026-07-23,254.32,263.22,-3.5,NO,Unknown,25.95
SDRL,2026-07-14,43.06,44.57,-3.51,NO,Neutral,61.03
BBY,2026-08-20,85.73,88.75,-3.52,NO,Unknown,38.95
MTCH,2026-07-21,38.75,40.13,-3.56,NO,Neutral,44.05
FTRE,2026-08-05,19.05,19.74,-3.62,NO,Neutral,41.14
WSM,2026-07-10,221.75,229.96,-3.7,NO,Unknown,41.05
LKNCY,2026-07-14,33.01,34.23,-3.7,NO,Unknown,14.6
JCI,2026-07-13,143.93,149.42,-3.81,NO,Neutral,40.18
MDT,2026-07-10,83.87,87.09,-3.84,NO,Neutral,31.67
MET,2026-07-10,91.65,95.2,-3.87,NO,Neutral,45.31
NWG,2026-07-28,17.58,18.26,-3.87,NO,Neutral,36.23
GLW,2026-08-27,152.8,158.71,-3.87,NO,Lagging,61.82
GPC,2026-07-14,122.16,126.95,-3.92,NO,Unknown,28.05
KT,2026-08-11,18.54,19.27,-3.94,NO,Unknown,16.35
KO,2026-07-10,83.49,86.84,-4.01,NO,Unknown,35.85
JNJ,2026-07-10,256.98,267.57,-4.12,NO,Neutral,47.99
SN,2026-09-03,175.21,182.44,-4.13,NO,Unknown,48.2
EOG,2026-07-10,134.1,139.66,-4.15,NO,Lagging,53.56
PAGP,2026-08-05,25.08,26.13,-4.19,NO,Neutral,48.36
NWSA,2026-07-10,27.37,28.52,-4.2,NO,Unknown,19.15
SMFG,2026-07-28,24.96,26.02,-4.25,NO,Neutral,45.33
HCA,2026-08-10,414.03,431.63,-4.25,NO,Neutral,22.86
VLTO,2026-07-10,92.7,96.65,-4.26,NO,Neutral,21.73
ETN,2026-07-14,415.52,433.27,-4.27,NO,Neutral,43.63
TOST,2026-07-22,29.21,30.46,-4.28,NO,Neutral,30.14
G,2026-07-17,30.89,32.24,-4.37,NO,Neutral,16.39
MNDY,2026-07-21,72.84,76.05,-4.41,NO,Neutral,2.69
UHS,2026-08-04,167.87,175.73,-4.68,NO,Neutral,31.52
FLYW,2026-07-22,16.54,17.33,-4.78,NO,Neutral,48.48
DRH,2026-07-10,11.88,12.47,-4.97,NO,Neutral,41.17
SFTBY,2026-07-10,19.49,20.46,-4.98,NO,Unknown,56.0
MFC,2026-07-10,41.29,43.42,-5.16,NO,Neutral,47.77
GDDY,2026-07-22,89.4,94.06,-5.21,NO,Unknown,11.0
NTR,2026-07-13,67.6,71.18,-5.3,NO,Unknown,33.75
REXR,2026-07-14,35.51,37.4,-5.32,NO,Neutral,23.27
LRCX,2026-08-05,307.42,323.86,-5.35,NO,Neutral,55.31
CNQ,2026-08-05,44.75,47.17,-5.41,NO,Lagging,55.08
PEB,2026-08-10,17.72,18.71,-5.59,NO,Lagging,47.45
BP,2026-08-05,41.21,43.52,-5.61,NO,Lagging,47.28
PVH,2026-09-16,71.7,75.74,-5.63,NO,Neutral,40.0
LLY,2026-08-03,1121.36,1184.63,-5.64,NO,Neutral,38.74
YPF,2026-07-10,47.58,50.31,-5.74,NO,Lagging,54.21
KNTK,2026-07-10,48.32,51.16,-5.88,NO,Lagging,53.54
OVV,2026-07-10,55.53,58.83,-5.94,NO,Lagging,60.06
ADI,2026-09-18,375.72,398.22,-5.99,NO,Lagging,48.83
HTGC,2026-07-10,16.01,16.97,-6.0,NO,Unknown,18.15
VTRS,2026-09-02,17.09,18.12,-6.03,NO,Neutral,59.49
SAN,2026-07-28,13.38,14.19,-6.05,NO,Neutral,46.25
PARR,2026-08-25,73.82,78.31,-6.08,NO,Neutral,59.97
HP,2026-08-04,34.49,36.61,-6.15,NO,Neutral,52.79
GFL,2026-07-10,39.75,42.2,-6.16,NO,Neutral,27.13
ENTG,2026-08-05,145.55,154.77,-6.33,NO,Neutral,53.3
HUM,2026-08-05,363.82,386.87,-6.34,NO,Neutral,59.91
GWRE,2026-07-22,133.97,142.52,-6.38,NO,Neutral,18.59
MCK,2026-07-13,812.28,864.82,-6.47,NO,Neutral,32.94
AXTI,2026-08-19,73.43,78.18,-6.47,NO,Lagging,56.85
DVN,2026-07-13,43.73,46.6,-6.56,NO,Neutral,55.76
SHOO,2026-07-13,42.355,45.14,-6.58,NO,Neutral,29.38
AAPL,2026-07-31,308.91,329.4,-6.63,NO,Unknown,38.3
PM,2026-07-10,181.62,193.9,-6.76,NO,Unknown,36.35
ICE,2026-07-22,142.53,152.19,-6.78,NO,Unknown,20.1
AVT,2026-08-11,95.96,102.5,-6.82,NO,Lagging,51.29
MMM,2026-07-10,157.52,168.49,-6.96,NO,Unknown,19.6
ABNB,2026-07-14,146.54,156.96,-7.11,NO,Neutral,44.54
PR,2026-08-05,19.79,21.2,-7.12,NO,Lagging,60.93
AME,2026-07-10,233.98,250.78,-7.18,NO,Unknown,28.7
STX,2026-07-30,851.68,913.45,-7.25,NO,Lagging,57.39
NVDA,2026-07-14,211.8,227.21,-7.28,NO,Neutral,31.93
TRI,2026-07-10,89.65,96.24,-7.35,NO,Unknown,4.65
BR,2026-07-17,149.91,160.95,-7.36,NO,Neutral,21.04
ABBV,2026-08-03,245.1,263.29,-7.42,NO,Neutral,40.95
FAST,2026-07-10,46.49,49.96,-7.46,NO,Unknown,31.95
ABT,2026-07-10,93.93,100.95,-7.47,NO,Neutral,18.83
BNS,2026-07-28,86.04,92.47,-7.47,NO,Neutral,40.78
KEYS,2026-08-10,335.41,360.65,-7.53,NO,Lagging,46.48
SOLV,2026-08-07,82.98,89.32,-7.64,NO,Neutral,42.04
SBH,2026-07-10,15.29,16.46,-7.65,NO,Unknown,23.5
GO,2026-08-12,10.17,10.95,-7.67,NO,Unknown,33.9
SCCO,2026-07-21,188.01,202.55,-7.73,NO,Lagging,57.22
PCOR,2026-07-17,45.95,49.54,-7.81,NO,Neutral,19.41
ISRG,2026-09-16,382.29,412.18,-7.82,NO,Neutral,15.91
J,2026-07-13,126.54,136.48,-7.86,NO,Neutral,29.2
QCOM,2026-07-16,170.61,184.1,-7.91,NO,Neutral,29.94
OUST,2026-07-17,37.04,40.0,-7.99,NO,Lagging,62.08
WPM,2026-08-06,125.3,135.39,-8.05,NO,Neutral,42.83
COIN,2026-07-21,175.85,190.02,-8.06,NO,Neutral,23.64
NOG,2026-07-28,21.04,22.74,-8.08,NO,Neutral,39.79
FOX,2026-07-17,51.63,55.83,-8.13,NO,Neutral,12.16
SJM,2026-07-10,111.6,120.7,-8.15,NO,Unknown,36.35
WAY,2026-07-16,23.17,25.07,-8.2,NO,Neutral,24.94
TECK,2026-07-23,59.85,64.85,-8.35,NO,Lagging,48.92
IVZ,2026-07-28,28.07,30.42,-8.37,NO,Neutral,35.28
FIVE,2026-07-22,204.87,222.03,-8.38,NO,Unknown,23.7
FOXA,2026-07-17,57.62,62.48,-8.43,NO,Neutral,17.6
EMR,2026-07-23,144.9,157.24,-8.52,NO,Neutral,35.58
BIIB,2026-07-28,209.23,227.07,-8.53,NO,Neutral,53.31
AMBA,2026-07-16,63.29,68.73,-8.6,NO,Neutral,29.2
WNC,2026-08-20,11.67,12.68,-8.65,NO,Unknown,59.9
TTEK,2026-07-10,30.99,33.7,-8.74,NO,Neutral,34.78
MEOH,2026-07-28,54.64,59.45,-8.8,NO,Unknown,50.15
ZIM,2026-08-06,26.38,28.75,-8.98,NO,Neutral,29.58
KSS,2026-07-10,16.8,18.32,-9.05,NO,Unknown,3.55
VRNS,2026-08-17,43.17,47.11,-9.13,NO,Neutral,50.2
NEOG,2026-08-28,11.66,12.73,-9.18,NO,Neutral,59.79
NTDOY,2026-07-27,11.46,12.52,-9.25,NO,Lagging,28.93
MXL,2026-08-14,84.84,92.72,-9.29,NO,Lagging,64.66
SBLK,2026-07-21,26.68,29.2,-9.45,NO,Neutral,48.35
SIMO,2026-08-18,251.72,276.16,-9.71,NO,Neutral,56.97
PK,2026-07-10,14.17,15.57,-9.88,NO,Neutral,57.5
CNK,2026-09-01,34.78,38.24,-9.95,NO,Neutral,52.53
VRTX,2026-07-27,479.0,526.73,-9.96,NO,Neutral,45.93
AMGN,2026-07-31,385.16,423.64,-9.99,NO,Neutral,53.14
CTAS,2026-07-10,179.64,197.74,-10.08,NO,Neutral,24.61
SU,2026-07-13,61.27,67.51,-10.18,NO,Neutral,55.53
TER,2026-07-30,365.49,403.02,-10.27,NO,Lagging,51.65
TRV,2026-07-15,329.19,363.21,-10.33,NO,Neutral,36.68
ONTO,2026-08-05,276.0,304.69,-10.39,NO,Neutral,50.31
GH,2026-09-08,160.98,177.73,-10.41,NO,Lagging,63.82
CRBG,2026-07-10,30.55,33.77,-10.54,NO,Neutral,38.52
LITE,2026-08-13,880.41,973.49,-10.57,NO,Lagging,54.9
EXPD,2026-07-28,170.13,188.16,-10.6,NO,Neutral,32.8
EXEL,2026-07-31,53.03,58.65,-10.6,NO,Neutral,61.11
PTC,2026-07-17,124.37,137.56,-10.61,NO,Neutral,21.21
ASML,2026-07-27,1655.26,1834.39,-10.82,NO,Lagging,58.54
ING,2026-07-28,32.51,36.08,-10.98,NO,Neutral,42.88
EQH,2026-07-10,47.0,52.19,-11.04,NO,Neutral,35.27
NEM,2026-08-06,105.43,117.09,-11.06,NO,Neutral,47.53
COP,2026-07-13,112.85,125.44,-11.16,NO,Neutral,49.23
GRND,2026-07-22,14.5,16.12,-11.17,NO,Neutral,44.4
TSM,2026-07-16,409.74,456.94,-11.52,NO,Neutral,38.0
SSNC,2026-07-17,69.56,77.59,-11.54,NO,Neutral,32.24
BBVA,2026-07-28,25.66,28.64,-11.61,NO,Neutral,63.37
XOM,2026-07-13,144.51,161.35,-11.65,NO,Neutral,53.67
CAKE,2026-09-17,95.87,107.35,-11.97,NO,Unknown,52.95
GLBE,2026-07-21,35.76,40.06,-12.02,NO,Neutral,23.38
CVX,2026-07-13,182.2,204.38,-12.17,NO,Neutral,50.8
SONY,2026-07-14,20.8,23.37,-12.36,NO,Unknown,11.35
META,2026-07-13,656.73,738.79,-12.5,NO,Neutral,24.0
FORM,2026-08-11,121.07,136.25,-12.54,NO,Lagging,53.09
TEVA,2026-08-07,35.36,39.81,-12.58,NO,Neutral,48.9
FTNT,2026-08-17,155.85,175.96,-12.9,NO,Neutral,56.4
TAK,2026-07-14,16.39,18.51,-12.93,NO,Neutral,30.49
WBD,2026-07-15,27.27,30.85,-13.13,NO,Neutral,31.43
FCX,2026-07-21,62.56,70.79,-13.16,NO,Lagging,52.24
IFF,2026-07-15,75.31,85.25,-13.2,NO,Unknown,34.4
ALLE,2026-07-21,137.3,155.43,-13.2,NO,Unknown,21.55
SNDK,2026-08-13,1528.11,1729.76,-13.2,NO,Lagging,56.85
SHEL,2026-07-13,83.98,95.14,-13.29,NO,Neutral,50.8
EPAM,2026-07-27,94.17,107.14,-13.77,NO,Neutral,16.24
RHI,2026-07-10,32.4,36.88,-13.83,NO,Unknown,53.4
TAL,2026-07-14,10.3,11.73,-13.88,NO,Unknown,25.3
IOT,2026-07-22,33.33,37.97,-13.92,NO,Neutral,29.64
DE,2026-07-17,597.24,680.5,-13.94,NO,Lagging,47.25
SLDE,2026-07-15,19.74,22.5,-13.98,NO,Neutral,21.73
GILD,2026-07-28,132.73,151.28,-13.98,NO,Neutral,42.44
W,2026-07-17,89.31,101.95,-14.15,NO,Neutral,26.04
GAP,2026-08-04,20.62,23.54,-14.16,NO,Neutral,12.7
DUOL,2026-07-21,124.71,142.62,-14.36,NO,Neutral,18.84
TALO,2026-07-14,14.16,16.21,-14.48,NO,Neutral,61.68
BRKR,2026-08-10,56.32,64.51,-14.54,NO,Unknown,42.85
EL,2026-07-15,82.31,94.37,-14.65,NO,Unknown,7.25
HBM,2026-07-22,23.55,27.01,-14.69,NO,Lagging,53.03
ALAB,2026-08-11,311.99,357.84,-14.7,NO,Lagging,55.19
PFE,2026-08-03,25.03,28.72,-14.74,NO,Neutral,36.79
HMC,2026-07-10,27.93,32.09,-14.89,NO,Unknown,23.05
PATH,2026-07-22,10.7,12.32,-15.14,NO,Neutral,12.09
DXCM,2026-07-10,74.96,86.64,-15.58,NO,Neutral,49.67
NTAP,2026-09-02,180.77,209.18,-15.72,NO,Neutral,57.94
TGT,2026-07-10,135.14,156.43,-15.75,NO,Unknown,42.55
DHR,2026-08-04,194.78,226.11,-16.08,NO,Neutral,24.16
ANET,2026-07-21,174.58,202.86,-16.2,NO,Lagging,46.48
OLLI,2026-08-03,74.67,86.78,-16.22,NO,Unknown,11.65
HOOD,2026-07-17,99.96,116.22,-16.27,NO,Unknown,12.95
DELL,2026-08-26,463.82,539.59,-16.34,NO,Neutral,60.84
EMBJ,2026-07-10,66.01,76.87,-16.45,NO,Neutral,38.47
AMRX,2026-08-13,17.27,20.2,-16.97,NO,Neutral,49.77
PANW,2026-09-03,331.94,388.41,-17.01,NO,Neutral,64.28
CVE,2026-07-10,26.4,30.96,-17.27,NO,Lagging,56.96
DV,2026-07-17,11.42,13.4,-17.34,NO,Neutral,32.88
CRGY,2026-08-05,10.98,12.89,-17.4,NO,Lagging,59.63
XP,2026-07-30,17.2,20.27,-17.85,NO,Neutral,23.02
BDX,2026-07-13,153.83,181.97,-18.29,NO,Neutral,29.2
CHYM,2026-07-28,22.42,26.52,-18.29,NO,Neutral,28.4
S,2026-09-02,19.68,23.31,-18.45,NO,Neutral,58.72
SONO,2026-07-13,15.04,17.85,-18.68,NO,Unknown,16.2
DOCS,2026-07-13,22.29,26.52,-18.98,NO,Neutral,13.18
BE,2026-07-10,244.61,291.25,-19.07,NO,Neutral,56.49
SAIL,2026-09-11,17.24,20.67,-19.9,NO,Neutral,33.56
SHOP,2026-07-15,123.55,148.26,-20.0,NO,Neutral,19.57
DNOW,2026-07-10,13.05,15.71,-20.38,NO,Neutral,35.38
ACN,2026-07-24,146.99,177.12,-20.5,NO,Neutral,19.23
ASX,2026-08-10,37.59,45.31,-20.54,NO,Lagging,54.9
MRK,2026-07-10,123.54,149.28,-20.84,NO,Neutral,55.57
HPE,2026-09-01,50.87,61.49,-20.88,NO,Neutral,59.18
EGO,2026-07-22,32.09,38.9,-21.22,NO,Lagging,43.77
MU,2026-07-30,874.66,1065.08,-21.77,NO,Lagging,56.85
INTC,2026-07-17,95.04,115.93,-21.98,NO,Lagging,64.88
EXLS,2026-07-17,28.16,34.58,-22.8,NO,Neutral,18.38
GMAB,2026-07-27,28.8,35.57,-23.51,NO,Neutral,30.41
CNH,2026-07-15,10.57,13.06,-23.56,NO,Lagging,43.58
NET,2026-09-08,284.3,352.26,-23.9,NO,Neutral,62.16
HPQ,2026-07-14,24.63,30.73,-24.77,NO,Neutral,48.62
CTSH,2026-07-24,45.45,56.84,-25.06,NO,Neutral,19.88
BLSH,2026-08-20,28.44,35.68,-25.46,NO,Neutral,23.05
AEHR,2026-07-31,79.98,100.78,-26.01,NO,Lagging,61.85
MRVL,2026-08-10,208.56,263.27,-26.23,NO,Lagging,63.9
QRVO,2026-07-30,90.74,116.75,-28.66,NO,Lagging,34.58
TMO,2026-07-10,527.05,679.61,-28.95,NO,Neutral,40.63
IMAX,2026-07-24,43.38,56.33,-29.85,NO,Lagging,57.75
UMC,2026-08-26,19.03,24.72,-29.9,NO,Lagging,56.16
A,2026-07-10,134.29,175.03,-30.34,NO,Neutral,36.73
FIGS,2026-07-31,10.7,14.06,-31.4,NO,Neutral,26.62
SWKS,2026-08-05,66.99,88.04,-31.42,NO,Neutral,33.13
MPC,2026-08-07,298.2,392.03,-31.47,NO,Lagging,63.03
RBRK,2026-09-02,87.18,114.77,-31.65,NO,Neutral,49.16
CGAU,2026-07-22,16.72,22.02,-31.7,NO,Lagging,46.17
SAP,2026-07-24,160.0,210.85,-31.78,NO,Neutral,27.18
IT,2026-07-17,140.19,185.85,-32.57,NO,Unknown,6.8
SMTC,2026-08-18,135.23,180.1,-33.18,NO,Neutral,50.96
BBNX,2026-08-04,14.57,19.41,-33.22,NO,Neutral,17.17
MSFT,2026-07-23,381.58,508.96,-33.38,NO,Lagging,26.89
HALO,2026-08-05,83.59,111.56,-33.46,NO,Neutral,55.76
SMCI,2026-07-22,30.56,41.02,-34.23,NO,Lagging,36.73
DT,2026-07-21,42.85,57.53,-34.26,NO,Neutral,37.94
WIX,2026-07-16,52.79,70.9,-34.31,NO,Neutral,23.95
NOW,2026-07-22,95.46,129.94,-36.12,NO,Neutral,27.3
U,2026-07-17,28.99,39.72,-37.01,NO,Neutral,12.43
RVTY,2026-08-04,111.39,152.77,-37.15,NO,Neutral,47.43
CRM,2026-07-24,163.66,225.31,-37.67,NO,Neutral,22.54
CRWD,2026-08-20,190.34,262.74,-38.04,NO,Neutral,64.5
PLTR,2026-07-20,134.85,186.97,-38.65,NO,Lagging,15.1
ZS,2026-07-22,142.26,198.355,-39.43,NO,Neutral,25.38
DOCU,2026-07-22,47.89,66.98,-39.86,NO,Neutral,24.94
ELF,2026-07-14,72.25,101.7,-40.76,NO,Unknown,31.15
INSP,2026-07-10,51.76,73.18,-41.38,NO,Neutral,18.65
PRGO,2026-07-20,10.59,15.0,-41.64,NO,Neutral,26.98
PRCH,2026-07-23,11.63,16.57,-42.48,NO,Lagging,62.79
WDAY,2026-07-22,132.42,189.17,-42.86,NO,Neutral,22.34
ZETA,2026-07-22,20.18,28.96,-43.51,NO,Neutral,42.95
ANF,2026-07-10,93.07,133.59,-43.54,NO,Neutral,23.64
TEM,2026-07-13,55.93,82.58,-47.65,NO,Neutral,32.27
RGEN,2026-07-27,131.06,194.57,-48.46,NO,Neutral,24.33
ESTC,2026-07-22,58.68,88.8,-51.33,NO,Neutral,25.55
CAI,2026-08-06,20.0,31.55,-57.75,NO,Neutral,19.83
NTRA,2026-07-27,258.03,414.52,-60.65,NO,Neutral,51.85
EFOR,2026-07-22,20.38,32.9,-61.43,NO,Neutral,16.49
CVI,2026-07-10,30.97,50.57,-63.29,NO,Lagging,57.57
P,2026-07-21,74.32,130.05,-74.99,NO,Neutral,42.73
RNG,2026-07-23,38.62,74.43,-92.72,NO,Neutral,64.2
SDGR,2026-07-20,15.0,30.33,-102.2,NO,Neutral,29.1
