Experiment,Name,Hypothesis,Total Trades,Win Rate (%),Avg Return (%),Strong Trades,Strong WR (%),Strong Avg (%),Mild Trades,Mild WR (%),Mild Avg (%),Exec Time (s)
1,Baseline (Current Config),Control group using the 85.0 template.,495,37.98,-2.26,276,38.04,-0.86,219,37.9,-4.02,27.56
2,Gate: The 90/90 Sniper,Strict pricing and strict total score.,343,45.48,2.18,180,43.89,1.34,163,47.24,3.11,26.74
3,Gate: The 80/80 Loose Hunter,Loose pricing and loose score to see if sample size overcomes low win rate.,560,30.36,-15.63,556,30.22,-15.66,4,50.0,-11.54,26.33
4,"Gate: Asymmetrical (High RS, Loose Score)","Price action matters more than fundamentals. RS>90, Score>75",669,36.92,-14.76,504,32.94,-19.57,165,49.09,-0.07,25.6
5,"Gate: Asymmetrical (Loose RS, Strict Score)","Fundamentals matter more than absolute price momentum. RS>75, Score>90",521,35.32,-4.14,313,36.1,-1.28,208,34.13,-8.45,25.85
6,RS: 12W Dominant,Does longer-term intermediate trend beat short-term breakout?,495,37.98,-2.26,276,38.04,-0.86,219,37.9,-4.02,25.23
7,RS: YTD Comeback (15%),Does adding back YTD drift catch better long-term winners?,495,37.98,-2.26,276,38.04,-0.86,219,37.9,-4.02,25.41
8,RS: 52W High Proximity (15%),Does nearness to 52-week high improve breakout quality?,495,37.98,-2.26,276,38.04,-0.86,219,37.9,-4.02,25.3
9,RS: Weekly Pulse (30%),Does amplifying weekly momentum catch fresher breakouts?,495,37.98,-2.26,276,38.04,-0.86,219,37.9,-4.02,25.41
10,RS: Legacy Formula,Does the original pre-optimization formula actually perform better?,495,37.98,-2.26,276,38.04,-0.86,219,37.9,-4.02,26.65
11,RS: Hybrid (YTD + 52W),Best of both: immediate breakout + structural strength.,495,37.98,-2.26,276,38.04,-0.86,219,37.9,-4.02,24.92
12,Theme: Monthly Dominance (60%),Does monthly ETF flow outperform weekly rotation detection?,495,37.98,-2.26,276,38.04,-0.86,219,37.9,-4.02,25.12
13,Theme: Quarterly Anchor (45%),Does longer-term capital flow produce more stable Leading sectors?,495,37.98,-2.26,276,38.04,-0.86,219,37.9,-4.02,25.23
14,Theme: Pure Weekly Pulse (50%),Does ultra-fast weekly rotation catch sector shifts earlier?,495,37.98,-2.26,276,38.04,-0.86,219,37.9,-4.02,25.78
15,Theme: Legacy Drift Formula,Does the original slow-moving theme formula actually outperform?,495,37.98,-2.26,276,38.04,-0.86,219,37.9,-4.02,24.9
16,Theme: Balanced All-Period,Does a balanced blend across all timeframes reduce whipsaw?,495,37.98,-2.26,276,38.04,-0.86,219,37.9,-4.02,26.79
17,Theme: 6-Month Anchor,Does 6-month institutional flow reveal true secular trends?,495,37.98,-2.26,276,38.04,-0.86,219,37.9,-4.02,25.19
18,Composite: RS Heavy (60/20/12/8),Does pure momentum domination maximize win rate?,682,37.68,-7.62,384,34.11,-12.42,298,42.28,-1.44,25.08
19,Composite: Theme Heavy (40/35/15/10),Does macro flow conviction beat individual stock momentum?,504,37.7,-2.81,276,38.04,-0.86,228,37.28,-5.17,25.21
20,Composite: Fundamentals Heavy (40/20/25/15),Does weighting Zacks/Growth heavily filter garbage breakouts?,463,39.09,-0.69,276,38.04,-0.86,187,40.64,-0.46,25.26
21,Composite: Equal Split (40/30/15/15),Does balanced weighting reduce concentration risk?,487,39.01,-0.6,276,38.04,-0.86,211,40.28,-0.27,24.83
22,Composite: Pure Momentum (70/15/10/5),Does extreme RS dominance crush everything else?,820,34.63,-10.57,471,31.21,-16.85,349,39.26,-2.1,25.1
23,Threshold: Loose Gate (80/80),Does a wider funnel catch more winners despite more noise?,560,30.36,-15.63,556,30.22,-15.66,4,50.0,-11.54,389.15
24,Threshold: Medium Gate (85/80),Does RS strictness with score flexibility find the sweet spot?,671,33.68,-12.88,497,31.19,-17.36,174,40.8,-0.08,28.7
25,Threshold: Tight Gate (90/85),Does extreme RS filtration maximize precision?,344,45.35,2.01,181,44.2,1.43,163,46.63,2.66,25.67
26,Threshold: Ultra Tight (90/90),Does maximum exclusivity produce the highest win rate?,343,45.48,2.18,180,43.89,1.34,163,47.24,3.11,25.64
27,Sector: Narrow Leading (20/20),Does a narrow Leading bucket concentrate on truly elite sectors?,495,37.98,-2.26,276,38.04,-0.86,219,37.9,-4.02,25.56
28,Sector: Wide Leading (40/40),Does a wide Leading bucket catch more rotational opportunities?,495,37.98,-2.26,276,38.04,-0.86,219,37.9,-4.02,25.66
29,Sector: Asymmetric (25/35),Does a tight Leading + wide Lagging create earlier warnings?,495,37.98,-2.26,276,38.04,-0.86,219,37.9,-4.02,25.51
30,Zacks: Steep Penalty,Does harshly punishing Rank 3 turnarounds improve quality?,495,37.98,-2.26,276,38.04,-0.86,219,37.9,-4.02,25.99
31,Zacks: Pure Binary,Does treating Rank 1-2 as pass and everything else as fail work?,495,37.98,-2.26,276,38.04,-0.86,219,37.9,-4.02,526.37
32,Zacks: Block Rank 3,Does completely blocking Rank 3 turnarounds improve win rate?,495,37.98,-2.26,276,38.04,-0.86,219,37.9,-4.02,29.44
33,Growth: Steep Fibonacci,Does the classic Fibonacci penalty curve beat the flattened one?,495,37.98,-2.26,276,38.04,-0.86,219,37.9,-4.02,28.38
34,Growth: Irrelevant (Weight = 0),"Does Growth Score add any value at all, or is it pure noise?",657,29.53,-23.68,425,24.71,-35.76,232,38.36,-1.55,27.63
